month_TA1305000030,week_TA1305000030,day_TA1305000030,hour_TA1305000030,month_TA1306000010,week_TA1306000010,day_TA1306000010,hour_TA1306000010,month_TA1307000120,week_TA1307000120,day_TA1307000120,hour_TA1307000120,month_TA1307000126,week_TA1307000126,day_TA1307000126,hour_TA1307000126,y
9,0,6,0,0,0,0,0,0,0,0,0,0,0,0,0,2
9,0,6,1,0,0,0,0,0,0,0,0,0,0,0,0,1
9,0,6,7,0,0,0,0,0,0,0,0,0,0,0,0,1
9,0,6,9,0,0,0,0,0,0,0,0,0,0,0,0,4
9,0,6,10,0,0,0,0,0,0,0,0,0,0,0,0,3
9,0,6,11,0,0,0,0,0,0,0,0,0,0,0,0,5
9,0,6,12,0,0,0,0,0,0,0,0,0,0,0,0,5
9,0,6,14,0,0,0,0,0,0,0,0,0,0,0,0,3
9,0,6,15,0,0,0,0,0,0,0,0,0,0,0,0,2
9,0,6,16,0,0,0,0,0,0,0,0,0,0,0,0,1
9,0,6,17,0,0,0,0,0,0,0,0,0,0,0,0,7
9,0,6,18,0,0,0,0,0,0,0,0,0,0,0,0,2
9,0,6,20,0,0,0,0,0,0,0,0,0,0,0,0,2
9,0,6,21,0,0,0,0,0,0,0,0,0,0,0,0,2
9,0,6,22,0,0,0,0,0,0,0,0,0,0,0,0,2
9,0,6,23,0,0,0,0,0,0,0,0,0,0,0,0,1
9,0,13,1,0,0,0,0,0,0,0,0,0,0,0,0,1
9,0,13,5,0,0,0,0,0,0,0,0,0,0,0,0,1
9,0,13,7,0,0,0,0,0,0,0,0,0,0,0,0,1
9,0,13,8,0,0,0,0,0,0,0,0,0,0,0,0,4
9,0,13,9,0,0,0,0,0,0,0,0,0,0,0,0,3
9,0,13,10,0,0,0,0,0,0,0,0,0,0,0,0,2
9,0,13,11,0,0,0,0,0,0,0,0,0,0,0,0,5
9,0,13,12,0,0,0,0,0,0,0,0,0,0,0,0,3
9,0,13,13,0,0,0,0,0,0,0,0,0,0,0,0,3
9,0,13,14,0,0,0,0,0,0,0,0,0,0,0,0,5
9,0,13,15,0,0,0,0,0,0,0,0,0,0,0,0,7
9,0,13,16,0,0,0,0,0,0,0,0,0,0,0,0,16
9,0,13,17,0,0,0,0,0,0,0,0,0,0,0,0,14
9,0,13,18,0,0,0,0,0,0,0,0,0,0,0,0,3
9,0,13,19,0,0,0,0,0,0,0,0,0,0,0,0,1
9,0,13,20,0,0,0,0,0,0,0,0,0,0,0,0,1
9,0,20,6,0,0,0,0,0,0,0,0,0,0,0,0,3
9,0,20,7,0,0,0,0,0,0,0,0,0,0,0,0,1
9,0,20,8,0,0,0,0,0,0,0,0,0,0,0,0,2
9,0,20,9,0,0,0,0,0,0,0,0,0,0,0,0,2
9,0,20,10,0,0,0,0,0,0,0,0,0,0,0,0,1
9,0,20,11,0,0,0,0,0,0,0,0,0,0,0,0,4
9,0,20,12,0,0,0,0,0,0,0,0,0,0,0,0,4
9,0,20,13,0,0,0,0,0,0,0,0,0,0,0,0,4
9,0,20,14,0,0,0,0,0,0,0,0,0,0,0,0,7
9,0,20,15,0,0,0,0,0,0,0,0,0,0,0,0,4
9,0,20,16,0,0,0,0,0,0,0,0,0,0,0,0,13
9,0,20,17,0,0,0,0,0,0,0,0,0,0,0,0,16
9,0,20,18,0,0,0,0,0,0,0,0,0,0,0,0,1
9,0,27,8,0,0,0,0,0,0,0,0,0,0,0,0,2
9,0,27,9,0,0,0,0,0,0,0,0,0,0,0,0,1
9,0,27,10,0,0,0,0,0,0,0,0,0,0,0,0,7
9,0,27,11,0,0,0,0,0,0,0,0,0,0,0,0,3
9,0,27,12,0,0,0,0,0,0,0,0,0,0,0,0,12
9,0,27,13,0,0,0,0,0,0,0,0,0,0,0,0,3
9,0,27,14,0,0,0,0,0,0,0,0,0,0,0,0,5
9,0,27,15,0,0,0,0,0,0,0,0,0,0,0,0,4
9,0,27,16,0,0,0,0,0,0,0,0,0,0,0,0,19
9,0,27,17,0,0,0,0,0,0,0,0,0,0,0,0,16
9,0,27,19,0,0,0,0,0,0,0,0,0,0,0,0,1
9,0,27,20,0,0,0,0,0,0,0,0,0,0,0,0,1
9,1,7,2,0,0,0,0,0,0,0,0,0,0,0,0,1
9,1,7,5,0,0,0,0,0,0,0,0,0,0,0,0,1
9,1,7,6,0,0,0,0,0,0,0,0,0,0,0,0,2
9,1,7,7,0,0,0,0,0,0,0,0,0,0,0,0,3
9,1,7,8,0,0,0,0,0,0,0,0,0,0,0,0,1
9,1,7,10,0,0,0,0,0,0,0,0,0,0,0,0,1
9,1,7,11,0,0,0,0,0,0,0,0,0,0,0,0,8
9,1,7,12,0,0,0,0,0,0,0,0,0,0,0,0,9
9,1,7,13,0,0,0,0,0,0,0,0,0,0,0,0,7
9,1,7,14,0,0,0,0,0,0,0,0,0,0,0,0,4
9,1,7,15,0,0,0,0,0,0,0,0,0,0,0,0,3
9,1,7,16,0,0,0,0,0,0,0,0,0,0,0,0,12
9,1,7,17,0,0,0,0,0,0,0,0,0,0,0,0,14
9,1,7,18,0,0,0,0,0,0,0,0,0,0,0,0,17
9,1,7,19,0,0,0,0,0,0,0,0,0,0,0,0,3
9,1,7,21,0,0,0,0,0,0,0,0,0,0,0,0,2
9,1,14,7,0,0,0,0,0,0,0,0,0,0,0,0,1
9,1,14,8,0,0,0,0,0,0,0,0,0,0,0,0,8
9,1,14,9,0,0,0,0,0,0,0,0,0,0,0,0,2
9,1,14,10,0,0,0,0,0,0,0,0,0,0,0,0,4
9,1,14,11,0,0,0,0,0,0,0,0,0,0,0,0,6
9,1,14,12,0,0,0,0,0,0,0,0,0,0,0,0,4
9,1,14,13,0,0,0,0,0,0,0,0,0,0,0,0,3
9,1,14,14,0,0,0,0,0,0,0,0,0,0,0,0,4
9,1,14,15,0,0,0,0,0,0,0,0,0,0,0,0,6
9,1,14,16,0,0,0,0,0,0,0,0,0,0,0,0,20
9,1,14,17,0,0,0,0,0,0,0,0,0,0,0,0,19
9,1,14,18,0,0,0,0,0,0,0,0,0,0,0,0,1
9,1,14,20,0,0,0,0,0,0,0,0,0,0,0,0,1
9,1,14,21,0,0,0,0,0,0,0,0,0,0,0,0,1
9,1,21,7,0,0,0,0,0,0,0,0,0,0,0,0,1
9,1,21,8,0,0,0,0,0,0,0,0,0,0,0,0,2
9,1,21,10,0,0,0,0,0,0,0,0,0,0,0,0,1
9,1,21,11,0,0,0,0,0,0,0,0,0,0,0,0,2
9,1,21,12,0,0,0,0,0,0,0,0,0,0,0,0,10
9,1,21,13,0,0,0,0,0,0,0,0,0,0,0,0,1
9,1,21,14,0,0,0,0,0,0,0,0,0,0,0,0,5
9,1,21,15,0,0,0,0,0,0,0,0,0,0,0,0,7
9,1,21,16,0,0,0,0,0,0,0,0,0,0,0,0,14
9,1,21,17,0,0,0,0,0,0,0,0,0,0,0,0,10
9,1,21,19,0,0,0,0,0,0,0,0,0,0,0,0,1
9,1,21,23,0,0,0,0,0,0,0,0,0,0,0,0,1
9,1,28,7,0,0,0,0,0,0,0,0,0,0,0,0,1
9,1,28,8,0,0,0,0,0,0,0,0,0,0,0,0,3
9,1,28,9,0,0,0,0,0,0,0,0,0,0,0,0,6
9,1,28,10,0,0,0,0,0,0,0,0,0,0,0,0,1
9,1,28,11,0,0,0,0,0,0,0,0,0,0,0,0,5
9,1,28,12,0,0,0,0,0,0,0,0,0,0,0,0,8
9,1,28,13,0,0,0,0,0,0,0,0,0,0,0,0,4
9,1,28,14,0,0,0,0,0,0,0,0,0,0,0,0,5
9,1,28,15,0,0,0,0,0,0,0,0,0,0,0,0,6
9,1,28,16,0,0,0,0,0,0,0,0,0,0,0,0,23
9,1,28,17,0,0,0,0,0,0,0,0,0,0,0,0,15
9,1,28,18,0,0,0,0,0,0,0,0,0,0,0,0,2
9,1,28,19,0,0,0,0,0,0,0,0,0,0,0,0,1
9,1,28,20,0,0,0,0,0,0,0,0,0,0,0,0,2
9,1,28,21,0,0,0,0,0,0,0,0,0,0,0,0,1
9,1,28,22,0,0,0,0,0,0,0,0,0,0,0,0,1
9,1,28,23,0,0,0,0,0,0,0,0,0,0,0,0,1
9,2,1,2,0,0,0,0,0,0,0,0,0,0,0,0,1
9,2,1,5,0,0,0,0,0,0,0,0,0,0,0,0,1
9,2,1,7,0,0,0,0,0,0,0,0,0,0,0,0,4
9,2,1,8,0,0,0,0,0,0,0,0,0,0,0,0,4
9,2,1,9,0,0,0,0,0,0,0,0,0,0,0,0,3
9,2,1,10,0,0,0,0,0,0,0,0,0,0,0,0,3
9,2,1,11,0,0,0,0,0,0,0,0,0,0,0,0,5
9,2,1,12,0,0,0,0,0,0,0,0,0,0,0,0,10
9,2,1,13,0,0,0,0,0,0,0,0,0,0,0,0,7
9,2,1,14,0,0,0,0,0,0,0,0,0,0,0,0,4
9,2,1,15,0,0,0,0,0,0,0,0,0,0,0,0,11
9,2,1,16,0,0,0,0,0,0,0,0,0,0,0,0,17
9,2,1,17,0,0,0,0,0,0,0,0,0,0,0,0,14
9,2,1,18,0,0,0,0,0,0,0,0,0,0,0,0,2
9,2,1,20,0,0,0,0,0,0,0,0,0,0,0,0,2
9,2,8,6,0,0,0,0,0,0,0,0,0,0,0,0,1
9,2,8,7,0,0,0,0,0,0,0,0,0,0,0,0,2
9,2,8,8,0,0,0,0,0,0,0,0,0,0,0,0,5
9,2,8,9,0,0,0,0,0,0,0,0,0,0,0,0,2
9,2,8,10,0,0,0,0,0,0,0,0,0,0,0,0,5
9,2,8,11,0,0,0,0,0,0,0,0,0,0,0,0,6
9,2,8,12,0,0,0,0,0,0,0,0,0,0,0,0,9
9,2,8,13,0,0,0,0,0,0,0,0,0,0,0,0,6
9,2,8,14,0,0,0,0,0,0,0,0,0,0,0,0,1
9,2,8,15,0,0,0,0,0,0,0,0,0,0,0,0,9
9,2,8,16,0,0,0,0,0,0,0,0,0,0,0,0,16
9,2,8,17,0,0,0,0,0,0,0,0,0,0,0,0,27
9,2,8,18,0,0,0,0,0,0,0,0,0,0,0,0,2
9,2,8,19,0,0,0,0,0,0,0,0,0,0,0,0,1
9,2,8,20,0,0,0,0,0,0,0,0,0,0,0,0,1
9,2,15,7,0,0,0,0,0,0,0,0,0,0,0,0,3
9,2,15,8,0,0,0,0,0,0,0,0,0,0,0,0,4
9,2,15,9,0,0,0,0,0,0,0,0,0,0,0,0,4
9,2,15,10,0,0,0,0,0,0,0,0,0,0,0,0,5
9,2,15,11,0,0,0,0,0,0,0,0,0,0,0,0,11
9,2,15,12,0,0,0,0,0,0,0,0,0,0,0,0,7
9,2,15,13,0,0,0,0,0,0,0,0,0,0,0,0,4
9,2,15,14,0,0,0,0,0,0,0,0,0,0,0,0,9
9,2,15,15,0,0,0,0,0,0,0,0,0,0,0,0,9
9,2,15,16,0,0,0,0,0,0,0,0,0,0,0,0,16
9,2,15,17,0,0,0,0,0,0,0,0,0,0,0,0,16
9,2,15,18,0,0,0,0,0,0,0,0,0,0,0,0,3
9,2,15,20,0,0,0,0,0,0,0,0,0,0,0,0,1
9,2,15,22,0,0,0,0,0,0,0,0,0,0,0,0,1
9,2,22,6,0,0,0,0,0,0,0,0,0,0,0,0,1
9,2,22,7,0,0,0,0,0,0,0,0,0,0,0,0,2
9,2,22,8,0,0,0,0,0,0,0,0,0,0,0,0,2
9,2,22,9,0,0,0,0,0,0,0,0,0,0,0,0,1
9,2,22,10,0,0,0,0,0,0,0,0,0,0,0,0,1
9,2,22,11,0,0,0,0,0,0,0,0,0,0,0,0,2
9,2,22,12,0,0,0,0,0,0,0,0,0,0,0,0,7
9,2,22,13,0,0,0,0,0,0,0,0,0,0,0,0,2
9,2,22,14,0,0,0,0,0,0,0,0,0,0,0,0,3
9,2,22,15,0,0,0,0,0,0,0,0,0,0,0,0,3
9,2,22,16,0,0,0,0,0,0,0,0,0,0,0,0,9
9,2,22,17,0,0,0,0,0,0,0,0,0,0,0,0,18
9,2,22,18,0,0,0,0,0,0,0,0,0,0,0,0,2
9,2,22,23,0,0,0,0,0,0,0,0,0,0,0,0,1
9,2,29,0,0,0,0,0,0,0,0,0,0,0,0,0,2
9,2,29,7,0,0,0,0,0,0,0,0,0,0,0,0,1
9,2,29,8,0,0,0,0,0,0,0,0,0,0,0,0,6
9,2,29,9,0,0,0,0,0,0,0,0,0,0,0,0,7
9,2,29,11,0,0,0,0,0,0,0,0,0,0,0,0,4
9,2,29,12,0,0,0,0,0,0,0,0,0,0,0,0,5
9,2,29,13,0,0,0,0,0,0,0,0,0,0,0,0,1
9,2,29,14,0,0,0,0,0,0,0,0,0,0,0,0,4
9,2,29,15,0,0,0,0,0,0,0,0,0,0,0,0,4
9,2,29,16,0,0,0,0,0,0,0,0,0,0,0,0,15
9,2,29,17,0,0,0,0,0,0,0,0,0,0,0,0,23
9,2,29,18,0,0,0,0,0,0,0,0,0,0,0,0,7
9,2,29,19,0,0,0,0,0,0,0,0,0,0,0,0,2
9,2,29,20,0,0,0,0,0,0,0,0,0,0,0,0,1
9,3,2,7,0,0,0,0,0,0,0,0,0,0,0,0,1
9,3,2,8,0,0,0,0,0,0,0,0,0,0,0,0,7
9,3,2,9,0,0,0,0,0,0,0,0,0,0,0,0,3
9,3,2,10,0,0,0,0,0,0,0,0,0,0,0,0,6
9,3,2,11,0,0,0,0,0,0,0,0,0,0,0,0,2
9,3,2,12,0,0,0,0,0,0,0,0,0,0,0,0,10
9,3,2,13,0,0,0,0,0,0,0,0,0,0,0,0,2
9,3,2,14,0,0,0,0,0,0,0,0,0,0,0,0,5
9,3,2,15,0,0,0,0,0,0,0,0,0,0,0,0,6
9,3,2,16,0,0,0,0,0,0,0,0,0,0,0,0,10
9,3,2,17,0,0,0,0,0,0,0,0,0,0,0,0,4
9,3,2,19,0,0,0,0,0,0,0,0,0,0,0,0,3
9,3,2,20,0,0,0,0,0,0,0,0,0,0,0,0,5
9,3,2,21,0,0,0,0,0,0,0,0,0,0,0,0,1
9,3,2,23,0,0,0,0,0,0,0,0,0,0,0,0,2
9,3,9,5,0,0,0,0,0,0,0,0,0,0,0,0,2
9,3,9,7,0,0,0,0,0,0,0,0,0,0,0,0,2
9,3,9,8,0,0,0,0,0,0,0,0,0,0,0,0,7
9,3,9,9,0,0,0,0,0,0,0,0,0,0,0,0,2
9,3,9,10,0,0,0,0,0,0,0,0,0,0,0,0,8
9,3,9,11,0,0,0,0,0,0,0,0,0,0,0,0,4
9,3,9,12,0,0,0,0,0,0,0,0,0,0,0,0,7
9,3,9,13,0,0,0,0,0,0,0,0,0,0,0,0,6
9,3,9,14,0,0,0,0,0,0,0,0,0,0,0,0,8
9,3,9,15,0,0,0,0,0,0,0,0,0,0,0,0,8
9,3,9,16,0,0,0,0,0,0,0,0,0,0,0,0,13
9,3,9,17,0,0,0,0,0,0,0,0,0,0,0,0,34
9,3,9,18,0,0,0,0,0,0,0,0,0,0,0,0,3
9,3,9,19,0,0,0,0,0,0,0,0,0,0,0,0,1
9,3,9,20,0,0,0,0,0,0,0,0,0,0,0,0,3
9,3,9,21,0,0,0,0,0,0,0,0,0,0,0,0,2
9,3,9,22,0,0,0,0,0,0,0,0,0,0,0,0,1
9,3,9,23,0,0,0,0,0,0,0,0,0,0,0,0,2
9,3,16,0,0,0,0,0,0,0,0,0,0,0,0,0,1
9,3,16,6,0,0,0,0,0,0,0,0,0,0,0,0,1
9,3,16,8,0,0,0,0,0,0,0,0,0,0,0,0,8
9,3,16,9,0,0,0,0,0,0,0,0,0,0,0,0,7
9,3,16,10,0,0,0,0,0,0,0,0,0,0,0,0,4
9,3,16,11,0,0,0,0,0,0,0,0,0,0,0,0,4
9,3,16,12,0,0,0,0,0,0,0,0,0,0,0,0,5
9,3,16,13,0,0,0,0,0,0,0,0,0,0,0,0,4
9,3,16,14,0,0,0,0,0,0,0,0,0,0,0,0,5
9,3,16,15,0,0,0,0,0,0,0,0,0,0,0,0,3
9,3,16,16,0,0,0,0,0,0,0,0,0,0,0,0,14
9,3,16,17,0,0,0,0,0,0,0,0,0,0,0,0,26
9,3,16,19,0,0,0,0,0,0,0,0,0,0,0,0,4
9,3,16,20,0,0,0,0,0,0,0,0,0,0,0,0,6
9,3,23,6,0,0,0,0,0,0,0,0,0,0,0,0,1
9,3,23,7,0,0,0,0,0,0,0,0,0,0,0,0,3
9,3,23,8,0,0,0,0,0,0,0,0,0,0,0,0,9
9,3,23,9,0,0,0,0,0,0,0,0,0,0,0,0,6
9,3,23,10,0,0,0,0,0,0,0,0,0,0,0,0,1
9,3,23,11,0,0,0,0,0,0,0,0,0,0,0,0,2
9,3,23,12,0,0,0,0,0,0,0,0,0,0,0,0,4
9,3,23,13,0,0,0,0,0,0,0,0,0,0,0,0,5
9,3,23,14,0,0,0,0,0,0,0,0,0,0,0,0,5
9,3,23,15,0,0,0,0,0,0,0,0,0,0,0,0,11
9,3,23,16,0,0,0,0,0,0,0,0,0,0,0,0,16
9,3,23,17,0,0,0,0,0,0,0,0,0,0,0,0,13
9,3,23,18,0,0,0,0,0,0,0,0,0,0,0,0,2
9,3,23,19,0,0,0,0,0,0,0,0,0,0,0,0,2
9,3,23,20,0,0,0,0,0,0,0,0,0,0,0,0,1
9,3,30,7,0,0,0,0,0,0,0,0,0,0,0,0,3
9,3,30,8,0,0,0,0,0,0,0,0,0,0,0,0,3
9,3,30,9,0,0,0,0,0,0,0,0,0,0,0,0,4
9,3,30,10,0,0,0,0,0,0,0,0,0,0,0,0,2
9,3,30,11,0,0,0,0,0,0,0,0,0,0,0,0,12
9,3,30,12,0,0,0,0,0,0,0,0,0,0,0,0,6
9,3,30,13,0,0,0,0,0,0,0,0,0,0,0,0,3
9,3,30,14,0,0,0,0,0,0,0,0,0,0,0,0,2
9,3,30,15,0,0,0,0,0,0,0,0,0,0,0,0,9
9,3,30,16,0,0,0,0,0,0,0,0,0,0,0,0,16
9,3,30,17,0,0,0,0,0,0,0,0,0,0,0,0,20
9,3,30,18,0,0,0,0,0,0,0,0,0,0,0,0,2
9,3,30,19,0,0,0,0,0,0,0,0,0,0,0,0,2
9,4,3,0,0,0,0,0,0,0,0,0,0,0,0,0,1
9,4,3,5,0,0,0,0,0,0,0,0,0,0,0,0,1
9,4,3,8,0,0,0,0,0,0,0,0,0,0,0,0,5
9,4,3,9,0,0,0,0,0,0,0,0,0,0,0,0,6
9,4,3,10,0,0,0,0,0,0,0,0,0,0,0,0,6
9,4,3,11,0,0,0,0,0,0,0,0,0,0,0,0,5
9,4,3,12,0,0,0,0,0,0,0,0,0,0,0,0,9
9,4,3,13,0,0,0,0,0,0,0,0,0,0,0,0,10
9,4,3,14,0,0,0,0,0,0,0,0,0,0,0,0,8
9,4,3,15,0,0,0,0,0,0,0,0,0,0,0,0,7
9,4,3,16,0,0,0,0,0,0,0,0,0,0,0,0,25
9,4,3,17,0,0,0,0,0,0,0,0,0,0,0,0,2
9,4,3,18,0,0,0,0,0,0,0,0,0,0,0,0,1
9,4,3,19,0,0,0,0,0,0,0,0,0,0,0,0,2
9,4,3,20,0,0,0,0,0,0,0,0,0,0,0,0,1
9,4,3,22,0,0,0,0,0,0,0,0,0,0,0,0,1
9,4,3,23,0,0,0,0,0,0,0,0,0,0,0,0,3
9,4,10,4,0,0,0,0,0,0,0,0,0,0,0,0,1
9,4,10,7,0,0,0,0,0,0,0,0,0,0,0,0,3
9,4,10,8,0,0,0,0,0,0,0,0,0,0,0,0,7
9,4,10,9,0,0,0,0,0,0,0,0,0,0,0,0,3
9,4,10,10,0,0,0,0,0,0,0,0,0,0,0,0,3
9,4,10,11,0,0,0,0,0,0,0,0,0,0,0,0,4
9,4,10,12,0,0,0,0,0,0,0,0,0,0,0,0,7
9,4,10,13,0,0,0,0,0,0,0,0,0,0,0,0,9
9,4,10,14,0,0,0,0,0,0,0,0,0,0,0,0,5
9,4,10,15,0,0,0,0,0,0,0,0,0,0,0,0,6
9,4,10,16,0,0,0,0,0,0,0,0,0,0,0,0,14
9,4,10,17,0,0,0,0,0,0,0,0,0,0,0,0,3
9,4,10,18,0,0,0,0,0,0,0,0,0,0,0,0,1
9,4,10,20,0,0,0,0,0,0,0,0,0,0,0,0,2
9,4,10,22,0,0,0,0,0,0,0,0,0,0,0,0,4
9,4,10,23,0,0,0,0,0,0,0,0,0,0,0,0,2
9,4,17,2,0,0,0,0,0,0,0,0,0,0,0,0,1
9,4,17,5,0,0,0,0,0,0,0,0,0,0,0,0,2
9,4,17,6,0,0,0,0,0,0,0,0,0,0,0,0,1
9,4,17,8,0,0,0,0,0,0,0,0,0,0,0,0,3
9,4,17,9,0,0,0,0,0,0,0,0,0,0,0,0,1
9,4,17,10,0,0,0,0,0,0,0,0,0,0,0,0,6
9,4,17,11,0,0,0,0,0,0,0,0,0,0,0,0,4
9,4,17,12,0,0,0,0,0,0,0,0,0,0,0,0,8
9,4,17,13,0,0,0,0,0,0,0,0,0,0,0,0,11
9,4,17,14,0,0,0,0,0,0,0,0,0,0,0,0,11
9,4,17,15,0,0,0,0,0,0,0,0,0,0,0,0,11
9,4,17,16,0,0,0,0,0,0,0,0,0,0,0,0,23
9,4,17,17,0,0,0,0,0,0,0,0,0,0,0,0,1
9,4,17,18,0,0,0,0,0,0,0,0,0,0,0,0,2
9,4,17,19,0,0,0,0,0,0,0,0,0,0,0,0,4
9,4,17,21,0,0,0,0,0,0,0,0,0,0,0,0,1
9,4,17,22,0,0,0,0,0,0,0,0,0,0,0,0,3
9,4,17,23,0,0,0,0,0,0,0,0,0,0,0,0,2
9,4,24,7,0,0,0,0,0,0,0,0,0,0,0,0,2
9,4,24,8,0,0,0,0,0,0,0,0,0,0,0,0,5
9,4,24,9,0,0,0,0,0,0,0,0,0,0,0,0,2
9,4,24,11,0,0,0,0,0,0,0,0,0,0,0,0,6
9,4,24,12,0,0,0,0,0,0,0,0,0,0,0,0,8
9,4,24,13,0,0,0,0,0,0,0,0,0,0,0,0,11
9,4,24,14,0,0,0,0,0,0,0,0,0,0,0,0,3
9,4,24,15,0,0,0,0,0,0,0,0,0,0,0,0,5
9,4,24,16,0,0,0,0,0,0,0,0,0,0,0,0,14
9,4,24,17,0,0,0,0,0,0,0,0,0,0,0,0,3
9,4,24,19,0,0,0,0,0,0,0,0,0,0,0,0,1
9,4,24,20,0,0,0,0,0,0,0,0,0,0,0,0,1
9,4,24,22,0,0,0,0,0,0,0,0,0,0,0,0,1
9,5,4,0,0,0,0,0,0,0,0,0,0,0,0,0,1
9,5,4,7,0,0,0,0,0,0,0,0,0,0,0,0,1
9,5,4,9,0,0,0,0,0,0,0,0,0,0,0,0,2
9,5,4,10,0,0,0,0,0,0,0,0,0,0,0,0,1
9,5,4,11,0,0,0,0,0,0,0,0,0,0,0,0,2
9,5,4,12,0,0,0,0,0,0,0,0,0,0,0,0,1
9,5,4,13,0,0,0,0,0,0,0,0,0,0,0,0,6
9,5,4,14,0,0,0,0,0,0,0,0,0,0,0,0,1
9,5,4,15,0,0,0,0,0,0,0,0,0,0,0,0,2
9,5,4,16,0,0,0,0,0,0,0,0,0,0,0,0,6
9,5,4,17,0,0,0,0,0,0,0,0,0,0,0,0,3
9,5,4,18,0,0,0,0,0,0,0,0,0,0,0,0,3
9,5,4,19,0,0,0,0,0,0,0,0,0,0,0,0,4
9,5,4,20,0,0,0,0,0,0,0,0,0,0,0,0,1
9,5,4,21,0,0,0,0,0,0,0,0,0,0,0,0,3
9,5,4,23,0,0,0,0,0,0,0,0,0,0,0,0,1
9,5,11,0,0,0,0,0,0,0,0,0,0,0,0,0,1
9,5,11,7,0,0,0,0,0,0,0,0,0,0,0,0,1
9,5,11,8,0,0,0,0,0,0,0,0,0,0,0,0,3
9,5,11,9,0,0,0,0,0,0,0,0,0,0,0,0,3
9,5,11,11,0,0,0,0,0,0,0,0,0,0,0,0,3
9,5,11,12,0,0,0,0,0,0,0,0,0,0,0,0,3
9,5,11,14,0,0,0,0,0,0,0,0,0,0,0,0,2
9,5,11,15,0,0,0,0,0,0,0,0,0,0,0,0,2
9,5,11,17,0,0,0,0,0,0,0,0,0,0,0,0,3
9,5,11,18,0,0,0,0,0,0,0,0,0,0,0,0,2
9,5,11,19,0,0,0,0,0,0,0,0,0,0,0,0,2
9,5,11,23,0,0,0,0,0,0,0,0,0,0,0,0,6
9,5,18,1,0,0,0,0,0,0,0,0,0,0,0,0,1
9,5,18,9,0,0,0,0,0,0,0,0,0,0,0,0,2
9,5,18,10,0,0,0,0,0,0,0,0,0,0,0,0,4
9,5,18,12,0,0,0,0,0,0,0,0,0,0,0,0,1
9,5,18,13,0,0,0,0,0,0,0,0,0,0,0,0,6
9,5,18,14,0,0,0,0,0,0,0,0,0,0,0,0,1
9,5,18,15,0,0,0,0,0,0,0,0,0,0,0,0,5
9,5,18,16,0,0,0,0,0,0,0,0,0,0,0,0,5
9,5,18,17,0,0,0,0,0,0,0,0,0,0,0,0,1
9,5,18,19,0,0,0,0,0,0,0,0,0,0,0,0,1
9,5,18,21,0,0,0,0,0,0,0,0,0,0,0,0,2
9,5,18,22,0,0,0,0,0,0,0,0,0,0,0,0,1
9,5,18,23,0,0,0,0,0,0,0,0,0,0,0,0,13
9,5,25,7,0,0,0,0,0,0,0,0,0,0,0,0,1
9,5,25,8,0,0,0,0,0,0,0,0,0,0,0,0,1
9,5,25,10,0,0,0,0,0,0,0,0,0,0,0,0,1
9,5,25,11,0,0,0,0,0,0,0,0,0,0,0,0,1
9,5,25,12,0,0,0,0,0,0,0,0,0,0,0,0,4
9,5,25,14,0,0,0,0,0,0,0,0,0,0,0,0,2
9,5,25,15,0,0,0,0,0,0,0,0,0,0,0,0,4
9,5,25,16,0,0,0,0,0,0,0,0,0,0,0,0,2
9,5,25,17,0,0,0,0,0,0,0,0,0,0,0,0,4
9,5,25,18,0,0,0,0,0,0,0,0,0,0,0,0,1
9,5,25,19,0,0,0,0,0,0,0,0,0,0,0,0,2
9,5,25,21,0,0,0,0,0,0,0,0,0,0,0,0,6
9,6,5,1,0,0,0,0,0,0,0,0,0,0,0,0,1
9,6,5,7,0,0,0,0,0,0,0,0,0,0,0,0,1
9,6,5,9,0,0,0,0,0,0,0,0,0,0,0,0,1
9,6,5,10,0,0,0,0,0,0,0,0,0,0,0,0,1
9,6,5,11,0,0,0,0,0,0,0,0,0,0,0,0,2
9,6,5,12,0,0,0,0,0,0,0,0,0,0,0,0,1
9,6,5,14,0,0,0,0,0,0,0,0,0,0,0,0,6
9,6,5,16,0,0,0,0,0,0,0,0,0,0,0,0,2
9,6,5,17,0,0,0,0,0,0,0,0,0,0,0,0,6
9,6,5,18,0,0,0,0,0,0,0,0,0,0,0,0,3
9,6,5,19,0,0,0,0,0,0,0,0,0,0,0,0,4
9,6,5,20,0,0,0,0,0,0,0,0,0,0,0,0,2
9,6,5,22,0,0,0,0,0,0,0,0,0,0,0,0,2
9,6,5,23,0,0,0,0,0,0,0,0,0,0,0,0,1
9,6,12,2,0,0,0,0,0,0,0,0,0,0,0,0,2
9,6,12,11,0,0,0,0,0,0,0,0,0,0,0,0,1
9,6,12,12,0,0,0,0,0,0,0,0,0,0,0,0,2
9,6,12,16,0,0,0,0,0,0,0,0,0,0,0,0,3
9,6,12,18,0,0,0,0,0,0,0,0,0,0,0,0,9
9,6,12,19,0,0,0,0,0,0,0,0,0,0,0,0,1
9,6,12,22,0,0,0,0,0,0,0,0,0,0,0,0,1
9,6,19,0,0,0,0,0,0,0,0,0,0,0,0,0,3
9,6,19,2,0,0,0,0,0,0,0,0,0,0,0,0,2
9,6,19,8,0,0,0,0,0,0,0,0,0,0,0,0,1
9,6,19,9,0,0,0,0,0,0,0,0,0,0,0,0,3
9,6,19,10,0,0,0,0,0,0,0,0,0,0,0,0,4
9,6,19,11,0,0,0,0,0,0,0,0,0,0,0,0,3
9,6,19,12,0,0,0,0,0,0,0,0,0,0,0,0,1
9,6,19,13,0,0,0,0,0,0,0,0,0,0,0,0,4
9,6,19,15,0,0,0,0,0,0,0,0,0,0,0,0,6
9,6,19,16,0,0,0,0,0,0,0,0,0,0,0,0,2
9,6,19,17,0,0,0,0,0,0,0,0,0,0,0,0,3
9,6,19,18,0,0,0,0,0,0,0,0,0,0,0,0,3
9,6,19,21,0,0,0,0,0,0,0,0,0,0,0,0,1
9,6,19,23,0,0,0,0,0,0,0,0,0,0,0,0,1
9,6,26,1,0,0,0,0,0,0,0,0,0,0,0,0,4
9,6,26,4,0,0,0,0,0,0,0,0,0,0,0,0,1
9,6,26,5,0,0,0,0,0,0,0,0,0,0,0,0,1
9,6,26,8,0,0,0,0,0,0,0,0,0,0,0,0,2
9,6,26,9,0,0,0,0,0,0,0,0,0,0,0,0,1
9,6,26,10,0,0,0,0,0,0,0,0,0,0,0,0,3
9,6,26,12,0,0,0,0,0,0,0,0,0,0,0,0,5
9,6,26,13,0,0,0,0,0,0,0,0,0,0,0,0,1
9,6,26,14,0,0,0,0,0,0,0,0,0,0,0,0,1
9,6,26,15,0,0,0,0,0,0,0,0,0,0,0,0,5
9,6,26,16,0,0,0,0,0,0,0,0,0,0,0,0,1
9,6,26,17,0,0,0,0,0,0,0,0,0,0,0,0,2
9,6,26,19,0,0,0,0,0,0,0,0,0,0,0,0,1
0,0,0,0,9,0,6,0,0,0,0,0,0,0,0,0,1
0,0,0,0,9,0,6,2,0,0,0,0,0,0,0,0,2
0,0,0,0,9,0,6,6,0,0,0,0,0,0,0,0,1
0,0,0,0,9,0,6,9,0,0,0,0,0,0,0,0,2
0,0,0,0,9,0,6,10,0,0,0,0,0,0,0,0,1
0,0,0,0,9,0,6,11,0,0,0,0,0,0,0,0,24
0,0,0,0,9,0,6,12,0,0,0,0,0,0,0,0,7
0,0,0,0,9,0,6,14,0,0,0,0,0,0,0,0,3
0,0,0,0,9,0,6,15,0,0,0,0,0,0,0,0,1
0,0,0,0,9,0,6,16,0,0,0,0,0,0,0,0,2
0,0,0,0,9,0,6,17,0,0,0,0,0,0,0,0,7
0,0,0,0,9,0,6,18,0,0,0,0,0,0,0,0,6
0,0,0,0,9,0,6,19,0,0,0,0,0,0,0,0,2
0,0,0,0,9,0,6,20,0,0,0,0,0,0,0,0,4
0,0,0,0,9,0,6,22,0,0,0,0,0,0,0,0,2
0,0,0,0,9,0,13,0,0,0,0,0,0,0,0,0,1
0,0,0,0,9,0,13,6,0,0,0,0,0,0,0,0,1
0,0,0,0,9,0,13,7,0,0,0,0,0,0,0,0,1
0,0,0,0,9,0,13,9,0,0,0,0,0,0,0,0,3
0,0,0,0,9,0,13,10,0,0,0,0,0,0,0,0,3
0,0,0,0,9,0,13,11,0,0,0,0,0,0,0,0,5
0,0,0,0,9,0,13,12,0,0,0,0,0,0,0,0,7
0,0,0,0,9,0,13,13,0,0,0,0,0,0,0,0,4
0,0,0,0,9,0,13,14,0,0,0,0,0,0,0,0,7
0,0,0,0,9,0,13,15,0,0,0,0,0,0,0,0,5
0,0,0,0,9,0,13,16,0,0,0,0,0,0,0,0,8
0,0,0,0,9,0,13,17,0,0,0,0,0,0,0,0,16
0,0,0,0,9,0,13,18,0,0,0,0,0,0,0,0,6
0,0,0,0,9,0,13,19,0,0,0,0,0,0,0,0,3
0,0,0,0,9,0,13,20,0,0,0,0,0,0,0,0,3
0,0,0,0,9,0,20,1,0,0,0,0,0,0,0,0,2
0,0,0,0,9,0,20,2,0,0,0,0,0,0,0,0,1
0,0,0,0,9,0,20,5,0,0,0,0,0,0,0,0,2
0,0,0,0,9,0,20,7,0,0,0,0,0,0,0,0,3
0,0,0,0,9,0,20,8,0,0,0,0,0,0,0,0,3
0,0,0,0,9,0,20,9,0,0,0,0,0,0,0,0,2
0,0,0,0,9,0,20,10,0,0,0,0,0,0,0,0,2
0,0,0,0,9,0,20,11,0,0,0,0,0,0,0,0,3
0,0,0,0,9,0,20,12,0,0,0,0,0,0,0,0,5
0,0,0,0,9,0,20,13,0,0,0,0,0,0,0,0,3
0,0,0,0,9,0,20,14,0,0,0,0,0,0,0,0,6
0,0,0,0,9,0,20,15,0,0,0,0,0,0,0,0,8
0,0,0,0,9,0,20,16,0,0,0,0,0,0,0,0,7
0,0,0,0,9,0,20,17,0,0,0,0,0,0,0,0,15
0,0,0,0,9,0,20,18,0,0,0,0,0,0,0,0,2
0,0,0,0,9,0,20,19,0,0,0,0,0,0,0,0,5
0,0,0,0,9,0,20,20,0,0,0,0,0,0,0,0,2
0,0,0,0,9,0,20,21,0,0,0,0,0,0,0,0,1
0,0,0,0,9,0,20,22,0,0,0,0,0,0,0,0,2
0,0,0,0,9,0,27,4,0,0,0,0,0,0,0,0,1
0,0,0,0,9,0,27,7,0,0,0,0,0,0,0,0,1
0,0,0,0,9,0,27,8,0,0,0,0,0,0,0,0,2
0,0,0,0,9,0,27,9,0,0,0,0,0,0,0,0,2
0,0,0,0,9,0,27,10,0,0,0,0,0,0,0,0,3
0,0,0,0,9,0,27,11,0,0,0,0,0,0,0,0,5
0,0,0,0,9,0,27,12,0,0,0,0,0,0,0,0,5
0,0,0,0,9,0,27,13,0,0,0,0,0,0,0,0,4
0,0,0,0,9,0,27,14,0,0,0,0,0,0,0,0,2
0,0,0,0,9,0,27,15,0,0,0,0,0,0,0,0,5
0,0,0,0,9,0,27,16,0,0,0,0,0,0,0,0,5
0,0,0,0,9,0,27,17,0,0,0,0,0,0,0,0,24
0,0,0,0,9,0,27,18,0,0,0,0,0,0,0,0,14
0,0,0,0,9,0,27,19,0,0,0,0,0,0,0,0,2
0,0,0,0,9,0,27,20,0,0,0,0,0,0,0,0,1
0,0,0,0,9,0,27,21,0,0,0,0,0,0,0,0,2
0,0,0,0,9,0,27,22,0,0,0,0,0,0,0,0,2
0,0,0,0,9,0,27,23,0,0,0,0,0,0,0,0,1
0,0,0,0,9,1,7,0,0,0,0,0,0,0,0,0,3
0,0,0,0,9,1,7,6,0,0,0,0,0,0,0,0,1
0,0,0,0,9,1,7,8,0,0,0,0,0,0,0,0,5
0,0,0,0,9,1,7,9,0,0,0,0,0,0,0,0,7
0,0,0,0,9,1,7,10,0,0,0,0,0,0,0,0,6
0,0,0,0,9,1,7,11,0,0,0,0,0,0,0,0,5
0,0,0,0,9,1,7,12,0,0,0,0,0,0,0,0,5
0,0,0,0,9,1,7,13,0,0,0,0,0,0,0,0,9
0,0,0,0,9,1,7,14,0,0,0,0,0,0,0,0,1
0,0,0,0,9,1,7,15,0,0,0,0,0,0,0,0,6
0,0,0,0,9,1,7,16,0,0,0,0,0,0,0,0,4
0,0,0,0,9,1,7,17,0,0,0,0,0,0,0,0,15
0,0,0,0,9,1,7,18,0,0,0,0,0,0,0,0,9
0,0,0,0,9,1,7,19,0,0,0,0,0,0,0,0,11
0,0,0,0,9,1,7,20,0,0,0,0,0,0,0,0,11
0,0,0,0,9,1,7,21,0,0,0,0,0,0,0,0,1
0,0,0,0,9,1,7,23,0,0,0,0,0,0,0,0,1
0,0,0,0,9,1,14,4,0,0,0,0,0,0,0,0,1
0,0,0,0,9,1,14,6,0,0,0,0,0,0,0,0,2
0,0,0,0,9,1,14,7,0,0,0,0,0,0,0,0,1
0,0,0,0,9,1,14,8,0,0,0,0,0,0,0,0,4
0,0,0,0,9,1,14,9,0,0,0,0,0,0,0,0,1
0,0,0,0,9,1,14,10,0,0,0,0,0,0,0,0,2
0,0,0,0,9,1,14,11,0,0,0,0,0,0,0,0,2
0,0,0,0,9,1,14,12,0,0,0,0,0,0,0,0,4
0,0,0,0,9,1,14,13,0,0,0,0,0,0,0,0,3
0,0,0,0,9,1,14,14,0,0,0,0,0,0,0,0,8
0,0,0,0,9,1,14,15,0,0,0,0,0,0,0,0,5
0,0,0,0,9,1,14,16,0,0,0,0,0,0,0,0,10
0,0,0,0,9,1,14,17,0,0,0,0,0,0,0,0,26
0,0,0,0,9,1,14,18,0,0,0,0,0,0,0,0,13
0,0,0,0,9,1,14,19,0,0,0,0,0,0,0,0,4
0,0,0,0,9,1,14,20,0,0,0,0,0,0,0,0,2
0,0,0,0,9,1,14,23,0,0,0,0,0,0,0,0,1
0,0,0,0,9,1,21,5,0,0,0,0,0,0,0,0,1
0,0,0,0,9,1,21,9,0,0,0,0,0,0,0,0,1
0,0,0,0,9,1,21,10,0,0,0,0,0,0,0,0,3
0,0,0,0,9,1,21,11,0,0,0,0,0,0,0,0,3
0,0,0,0,9,1,21,12,0,0,0,0,0,0,0,0,1
0,0,0,0,9,1,21,13,0,0,0,0,0,0,0,0,17
0,0,0,0,9,1,21,14,0,0,0,0,0,0,0,0,3
0,0,0,0,9,1,21,15,0,0,0,0,0,0,0,0,6
0,0,0,0,9,1,21,16,0,0,0,0,0,0,0,0,7
0,0,0,0,9,1,21,17,0,0,0,0,0,0,0,0,9
0,0,0,0,9,1,21,18,0,0,0,0,0,0,0,0,5
0,0,0,0,9,1,21,19,0,0,0,0,0,0,0,0,1
0,0,0,0,9,1,21,20,0,0,0,0,0,0,0,0,1
0,0,0,0,9,1,21,22,0,0,0,0,0,0,0,0,1
0,0,0,0,9,1,21,23,0,0,0,0,0,0,0,0,1
0,0,0,0,9,1,28,7,0,0,0,0,0,0,0,0,3
0,0,0,0,9,1,28,8,0,0,0,0,0,0,0,0,8
0,0,0,0,9,1,28,10,0,0,0,0,0,0,0,0,6
0,0,0,0,9,1,28,11,0,0,0,0,0,0,0,0,4
0,0,0,0,9,1,28,12,0,0,0,0,0,0,0,0,3
0,0,0,0,9,1,28,13,0,0,0,0,0,0,0,0,6
0,0,0,0,9,1,28,14,0,0,0,0,0,0,0,0,2
0,0,0,0,9,1,28,15,0,0,0,0,0,0,0,0,7
0,0,0,0,9,1,28,16,0,0,0,0,0,0,0,0,22
0,0,0,0,9,1,28,17,0,0,0,0,0,0,0,0,25
0,0,0,0,9,1,28,18,0,0,0,0,0,0,0,0,2
0,0,0,0,9,1,28,19,0,0,0,0,0,0,0,0,5
0,0,0,0,9,1,28,20,0,0,0,0,0,0,0,0,2
0,0,0,0,9,1,28,21,0,0,0,0,0,0,0,0,1
0,0,0,0,9,1,28,23,0,0,0,0,0,0,0,0,1
0,0,0,0,9,2,1,5,0,0,0,0,0,0,0,0,1
0,0,0,0,9,2,1,6,0,0,0,0,0,0,0,0,2
0,0,0,0,9,2,1,7,0,0,0,0,0,0,0,0,5
0,0,0,0,9,2,1,8,0,0,0,0,0,0,0,0,2
0,0,0,0,9,2,1,9,0,0,0,0,0,0,0,0,1
0,0,0,0,9,2,1,10,0,0,0,0,0,0,0,0,2
0,0,0,0,9,2,1,11,0,0,0,0,0,0,0,0,11
0,0,0,0,9,2,1,12,0,0,0,0,0,0,0,0,6
0,0,0,0,9,2,1,13,0,0,0,0,0,0,0,0,7
0,0,0,0,9,2,1,14,0,0,0,0,0,0,0,0,5
0,0,0,0,9,2,1,15,0,0,0,0,0,0,0,0,8
0,0,0,0,9,2,1,16,0,0,0,0,0,0,0,0,13
0,0,0,0,9,2,1,17,0,0,0,0,0,0,0,0,29
0,0,0,0,9,2,1,18,0,0,0,0,0,0,0,0,4
0,0,0,0,9,2,1,19,0,0,0,0,0,0,0,0,2
0,0,0,0,9,2,1,20,0,0,0,0,0,0,0,0,2
0,0,0,0,9,2,1,21,0,0,0,0,0,0,0,0,3
0,0,0,0,9,2,1,22,0,0,0,0,0,0,0,0,2
0,0,0,0,9,2,8,5,0,0,0,0,0,0,0,0,2
0,0,0,0,9,2,8,8,0,0,0,0,0,0,0,0,1
0,0,0,0,9,2,8,18,0,0,0,0,0,0,0,0,10
0,0,0,0,9,2,8,19,0,0,0,0,0,0,0,0,3
0,0,0,0,9,2,8,22,0,0,0,0,0,0,0,0,2
0,0,0,0,9,2,15,9,0,0,0,0,0,0,0,0,2
0,0,0,0,9,2,15,10,0,0,0,0,0,0,0,0,3
0,0,0,0,9,2,15,11,0,0,0,0,0,0,0,0,4
0,0,0,0,9,2,15,12,0,0,0,0,0,0,0,0,10
0,0,0,0,9,2,15,13,0,0,0,0,0,0,0,0,4
0,0,0,0,9,2,15,14,0,0,0,0,0,0,0,0,4
0,0,0,0,9,2,15,15,0,0,0,0,0,0,0,0,5
0,0,0,0,9,2,15,16,0,0,0,0,0,0,0,0,13
0,0,0,0,9,2,15,17,0,0,0,0,0,0,0,0,23
0,0,0,0,9,2,15,18,0,0,0,0,0,0,0,0,6
0,0,0,0,9,2,15,19,0,0,0,0,0,0,0,0,3
0,0,0,0,9,2,15,21,0,0,0,0,0,0,0,0,3
0,0,0,0,9,2,15,23,0,0,0,0,0,0,0,0,2
0,0,0,0,9,2,22,5,0,0,0,0,0,0,0,0,1
0,0,0,0,9,2,22,7,0,0,0,0,0,0,0,0,2
0,0,0,0,9,2,22,8,0,0,0,0,0,0,0,0,1
0,0,0,0,9,2,22,9,0,0,0,0,0,0,0,0,1
0,0,0,0,9,2,22,10,0,0,0,0,0,0,0,0,2
0,0,0,0,9,2,22,12,0,0,0,0,0,0,0,0,3
0,0,0,0,9,2,22,13,0,0,0,0,0,0,0,0,6
0,0,0,0,9,2,22,14,0,0,0,0,0,0,0,0,6
0,0,0,0,9,2,22,15,0,0,0,0,0,0,0,0,6
0,0,0,0,9,2,22,16,0,0,0,0,0,0,0,0,5
0,0,0,0,9,2,22,17,0,0,0,0,0,0,0,0,7
0,0,0,0,9,2,22,18,0,0,0,0,0,0,0,0,2
0,0,0,0,9,2,22,19,0,0,0,0,0,0,0,0,3
0,0,0,0,9,2,22,20,0,0,0,0,0,0,0,0,3
0,0,0,0,9,2,22,21,0,0,0,0,0,0,0,0,3
0,0,0,0,9,2,22,22,0,0,0,0,0,0,0,0,3
0,0,0,0,9,2,29,7,0,0,0,0,0,0,0,0,4
0,0,0,0,9,2,29,9,0,0,0,0,0,0,0,0,8
0,0,0,0,9,2,29,10,0,0,0,0,0,0,0,0,2
0,0,0,0,9,2,29,11,0,0,0,0,0,0,0,0,2
0,0,0,0,9,2,29,12,0,0,0,0,0,0,0,0,8
0,0,0,0,9,2,29,13,0,0,0,0,0,0,0,0,4
0,0,0,0,9,2,29,14,0,0,0,0,0,0,0,0,5
0,0,0,0,9,2,29,15,0,0,0,0,0,0,0,0,9
0,0,0,0,9,2,29,16,0,0,0,0,0,0,0,0,8
0,0,0,0,9,2,29,17,0,0,0,0,0,0,0,0,21
0,0,0,0,9,2,29,18,0,0,0,0,0,0,0,0,6
0,0,0,0,9,2,29,19,0,0,0,0,0,0,0,0,2
0,0,0,0,9,2,29,20,0,0,0,0,0,0,0,0,4
0,0,0,0,9,2,29,21,0,0,0,0,0,0,0,0,2
0,0,0,0,9,2,29,22,0,0,0,0,0,0,0,0,3
0,0,0,0,9,3,2,7,0,0,0,0,0,0,0,0,2
0,0,0,0,9,3,2,8,0,0,0,0,0,0,0,0,4
0,0,0,0,9,3,2,9,0,0,0,0,0,0,0,0,4
0,0,0,0,9,3,2,10,0,0,0,0,0,0,0,0,4
0,0,0,0,9,3,2,11,0,0,0,0,0,0,0,0,6
0,0,0,0,9,3,2,12,0,0,0,0,0,0,0,0,7
0,0,0,0,9,3,2,13,0,0,0,0,0,0,0,0,4
0,0,0,0,9,3,2,14,0,0,0,0,0,0,0,0,5
0,0,0,0,9,3,2,15,0,0,0,0,0,0,0,0,6
0,0,0,0,9,3,2,16,0,0,0,0,0,0,0,0,13
0,0,0,0,9,3,2,17,0,0,0,0,0,0,0,0,22
0,0,0,0,9,3,2,18,0,0,0,0,0,0,0,0,4
0,0,0,0,9,3,2,20,0,0,0,0,0,0,0,0,2
0,0,0,0,9,3,16,5,0,0,0,0,0,0,0,0,1
0,0,0,0,9,3,16,6,0,0,0,0,0,0,0,0,1
0,0,0,0,9,3,16,8,0,0,0,0,0,0,0,0,5
0,0,0,0,9,3,16,9,0,0,0,0,0,0,0,0,4
0,0,0,0,9,3,16,10,0,0,0,0,0,0,0,0,5
0,0,0,0,9,3,16,11,0,0,0,0,0,0,0,0,3
0,0,0,0,9,3,16,12,0,0,0,0,0,0,0,0,11
0,0,0,0,9,3,16,13,0,0,0,0,0,0,0,0,7
0,0,0,0,9,3,16,14,0,0,0,0,0,0,0,0,2
0,0,0,0,9,3,16,15,0,0,0,0,0,0,0,0,8
0,0,0,0,9,3,16,16,0,0,0,0,0,0,0,0,10
0,0,0,0,9,3,16,17,0,0,0,0,0,0,0,0,3
0,0,0,0,9,3,16,18,0,0,0,0,0,0,0,0,1
0,0,0,0,9,3,16,20,0,0,0,0,0,0,0,0,1
0,0,0,0,9,3,16,21,0,0,0,0,0,0,0,0,3
0,0,0,0,9,3,16,22,0,0,0,0,0,0,0,0,4
0,0,0,0,9,3,16,23,0,0,0,0,0,0,0,0,2
0,0,0,0,9,3,23,5,0,0,0,0,0,0,0,0,1
0,0,0,0,9,3,23,6,0,0,0,0,0,0,0,0,1
0,0,0,0,9,3,23,7,0,0,0,0,0,0,0,0,5
0,0,0,0,9,3,23,8,0,0,0,0,0,0,0,0,6
0,0,0,0,9,3,23,9,0,0,0,0,0,0,0,0,1
0,0,0,0,9,3,23,10,0,0,0,0,0,0,0,0,8
0,0,0,0,9,3,23,11,0,0,0,0,0,0,0,0,3
0,0,0,0,9,3,23,12,0,0,0,0,0,0,0,0,2
0,0,0,0,9,3,23,13,0,0,0,0,0,0,0,0,7
0,0,0,0,9,3,23,14,0,0,0,0,0,0,0,0,7
0,0,0,0,9,3,23,15,0,0,0,0,0,0,0,0,9
0,0,0,0,9,3,23,16,0,0,0,0,0,0,0,0,10
0,0,0,0,9,3,23,17,0,0,0,0,0,0,0,0,22
0,0,0,0,9,3,23,18,0,0,0,0,0,0,0,0,14
0,0,0,0,9,3,23,19,0,0,0,0,0,0,0,0,5
0,0,0,0,9,3,23,20,0,0,0,0,0,0,0,0,1
0,0,0,0,9,3,23,21,0,0,0,0,0,0,0,0,1
0,0,0,0,9,3,23,22,0,0,0,0,0,0,0,0,1
0,0,0,0,9,3,30,7,0,0,0,0,0,0,0,0,3
0,0,0,0,9,3,30,8,0,0,0,0,0,0,0,0,2
0,0,0,0,9,3,30,9,0,0,0,0,0,0,0,0,3
0,0,0,0,9,3,30,10,0,0,0,0,0,0,0,0,5
0,0,0,0,9,3,30,11,0,0,0,0,0,0,0,0,9
0,0,0,0,9,3,30,12,0,0,0,0,0,0,0,0,5
0,0,0,0,9,3,30,13,0,0,0,0,0,0,0,0,2
0,0,0,0,9,3,30,14,0,0,0,0,0,0,0,0,8
0,0,0,0,9,3,30,15,0,0,0,0,0,0,0,0,8
0,0,0,0,9,3,30,16,0,0,0,0,0,0,0,0,17
0,0,0,0,9,3,30,17,0,0,0,0,0,0,0,0,18
0,0,0,0,9,3,30,18,0,0,0,0,0,0,0,0,10
0,0,0,0,9,3,30,19,0,0,0,0,0,0,0,0,6
0,0,0,0,9,3,30,20,0,0,0,0,0,0,0,0,2
0,0,0,0,9,3,30,21,0,0,0,0,0,0,0,0,1
0,0,0,0,9,3,30,22,0,0,0,0,0,0,0,0,3
0,0,0,0,9,4,3,2,0,0,0,0,0,0,0,0,1
0,0,0,0,9,4,3,4,0,0,0,0,0,0,0,0,1
0,0,0,0,9,4,3,5,0,0,0,0,0,0,0,0,1
0,0,0,0,9,4,3,8,0,0,0,0,0,0,0,0,1
0,0,0,0,9,4,3,9,0,0,0,0,0,0,0,0,1
0,0,0,0,9,4,3,10,0,0,0,0,0,0,0,0,2
0,0,0,0,9,4,3,11,0,0,0,0,0,0,0,0,4
0,0,0,0,9,4,3,12,0,0,0,0,0,0,0,0,12
0,0,0,0,9,4,3,13,0,0,0,0,0,0,0,0,6
0,0,0,0,9,4,3,14,0,0,0,0,0,0,0,0,9
0,0,0,0,9,4,3,15,0,0,0,0,0,0,0,0,2
0,0,0,0,9,4,3,16,0,0,0,0,0,0,0,0,14
0,0,0,0,9,4,3,17,0,0,0,0,0,0,0,0,5
0,0,0,0,9,4,3,18,0,0,0,0,0,0,0,0,6
0,0,0,0,9,4,3,19,0,0,0,0,0,0,0,0,10
0,0,0,0,9,4,3,20,0,0,0,0,0,0,0,0,5
0,0,0,0,9,4,3,22,0,0,0,0,0,0,0,0,4
0,0,0,0,9,4,3,23,0,0,0,0,0,0,0,0,4
0,0,0,0,9,4,10,9,0,0,0,0,0,0,0,0,2
0,0,0,0,9,4,10,10,0,0,0,0,0,0,0,0,6
0,0,0,0,9,4,10,11,0,0,0,0,0,0,0,0,7
0,0,0,0,9,4,10,12,0,0,0,0,0,0,0,0,7
0,0,0,0,9,4,10,13,0,0,0,0,0,0,0,0,5
0,0,0,0,9,4,10,14,0,0,0,0,0,0,0,0,7
0,0,0,0,9,4,10,15,0,0,0,0,0,0,0,0,3
0,0,0,0,9,4,10,16,0,0,0,0,0,0,0,0,18
0,0,0,0,9,4,10,17,0,0,0,0,0,0,0,0,18
0,0,0,0,9,4,10,18,0,0,0,0,0,0,0,0,3
0,0,0,0,9,4,10,19,0,0,0,0,0,0,0,0,5
0,0,0,0,9,4,10,21,0,0,0,0,0,0,0,0,2
0,0,0,0,9,4,17,2,0,0,0,0,0,0,0,0,1
0,0,0,0,9,4,17,6,0,0,0,0,0,0,0,0,2
0,0,0,0,9,4,17,7,0,0,0,0,0,0,0,0,5
0,0,0,0,9,4,17,8,0,0,0,0,0,0,0,0,4
0,0,0,0,9,4,17,9,0,0,0,0,0,0,0,0,1
0,0,0,0,9,4,17,11,0,0,0,0,0,0,0,0,6
0,0,0,0,9,4,17,12,0,0,0,0,0,0,0,0,5
0,0,0,0,9,4,17,13,0,0,0,0,0,0,0,0,13
0,0,0,0,9,4,17,14,0,0,0,0,0,0,0,0,10
0,0,0,0,9,4,17,15,0,0,0,0,0,0,0,0,8
0,0,0,0,9,4,17,16,0,0,0,0,0,0,0,0,8
0,0,0,0,9,4,17,17,0,0,0,0,0,0,0,0,11
0,0,0,0,9,4,17,18,0,0,0,0,0,0,0,0,1
0,0,0,0,9,4,17,19,0,0,0,0,0,0,0,0,2
0,0,0,0,9,4,17,21,0,0,0,0,0,0,0,0,2
0,0,0,0,9,4,24,6,0,0,0,0,0,0,0,0,3
0,0,0,0,9,4,24,7,0,0,0,0,0,0,0,0,1
0,0,0,0,9,4,24,8,0,0,0,0,0,0,0,0,4
0,0,0,0,9,4,24,9,0,0,0,0,0,0,0,0,1
0,0,0,0,9,4,24,10,0,0,0,0,0,0,0,0,3
0,0,0,0,9,4,24,11,0,0,0,0,0,0,0,0,5
0,0,0,0,9,4,24,12,0,0,0,0,0,0,0,0,7
0,0,0,0,9,4,24,13,0,0,0,0,0,0,0,0,3
0,0,0,0,9,4,24,14,0,0,0,0,0,0,0,0,12
0,0,0,0,9,4,24,15,0,0,0,0,0,0,0,0,13
0,0,0,0,9,4,24,16,0,0,0,0,0,0,0,0,12
0,0,0,0,9,4,24,17,0,0,0,0,0,0,0,0,6
0,0,0,0,9,4,24,18,0,0,0,0,0,0,0,0,7
0,0,0,0,9,4,24,19,0,0,0,0,0,0,0,0,4
0,0,0,0,9,4,24,20,0,0,0,0,0,0,0,0,1
0,0,0,0,9,4,24,21,0,0,0,0,0,0,0,0,2
0,0,0,0,9,5,4,0,0,0,0,0,0,0,0,0,3
0,0,0,0,9,5,4,5,0,0,0,0,0,0,0,0,1
0,0,0,0,9,5,4,8,0,0,0,0,0,0,0,0,2
0,0,0,0,9,5,4,9,0,0,0,0,0,0,0,0,2
0,0,0,0,9,5,4,10,0,0,0,0,0,0,0,0,2
0,0,0,0,9,5,4,11,0,0,0,0,0,0,0,0,1
0,0,0,0,9,5,4,12,0,0,0,0,0,0,0,0,1
0,0,0,0,9,5,4,13,0,0,0,0,0,0,0,0,10
0,0,0,0,9,5,4,14,0,0,0,0,0,0,0,0,4
0,0,0,0,9,5,4,15,0,0,0,0,0,0,0,0,8
0,0,0,0,9,5,4,16,0,0,0,0,0,0,0,0,3
0,0,0,0,9,5,4,17,0,0,0,0,0,0,0,0,3
0,0,0,0,9,5,4,18,0,0,0,0,0,0,0,0,4
0,0,0,0,9,5,4,19,0,0,0,0,0,0,0,0,4
0,0,0,0,9,5,4,20,0,0,0,0,0,0,0,0,2
0,0,0,0,9,5,4,21,0,0,0,0,0,0,0,0,7
0,0,0,0,9,5,4,23,0,0,0,0,0,0,0,0,5
0,0,0,0,9,5,11,7,0,0,0,0,0,0,0,0,1
0,0,0,0,9,5,11,8,0,0,0,0,0,0,0,0,2
0,0,0,0,9,5,11,9,0,0,0,0,0,0,0,0,2
0,0,0,0,9,5,11,10,0,0,0,0,0,0,0,0,2
0,0,0,0,9,5,11,11,0,0,0,0,0,0,0,0,5
0,0,0,0,9,5,11,12,0,0,0,0,0,0,0,0,6
0,0,0,0,9,5,11,13,0,0,0,0,0,0,0,0,13
0,0,0,0,9,5,11,14,0,0,0,0,0,0,0,0,6
0,0,0,0,9,5,11,15,0,0,0,0,0,0,0,0,4
0,0,0,0,9,5,11,16,0,0,0,0,0,0,0,0,2
0,0,0,0,9,5,11,17,0,0,0,0,0,0,0,0,2
0,0,0,0,9,5,11,20,0,0,0,0,0,0,0,0,1
0,0,0,0,9,5,11,22,0,0,0,0,0,0,0,0,1
0,0,0,0,9,5,18,0,0,0,0,0,0,0,0,0,2
0,0,0,0,9,5,18,1,0,0,0,0,0,0,0,0,1
0,0,0,0,9,5,18,7,0,0,0,0,0,0,0,0,1
0,0,0,0,9,5,18,8,0,0,0,0,0,0,0,0,1
0,0,0,0,9,5,18,10,0,0,0,0,0,0,0,0,6
0,0,0,0,9,5,18,11,0,0,0,0,0,0,0,0,11
0,0,0,0,9,5,18,12,0,0,0,0,0,0,0,0,8
0,0,0,0,9,5,18,13,0,0,0,0,0,0,0,0,7
0,0,0,0,9,5,18,14,0,0,0,0,0,0,0,0,2
0,0,0,0,9,5,18,15,0,0,0,0,0,0,0,0,9
0,0,0,0,9,5,18,16,0,0,0,0,0,0,0,0,5
0,0,0,0,9,5,18,18,0,0,0,0,0,0,0,0,4
0,0,0,0,9,5,18,19,0,0,0,0,0,0,0,0,2
0,0,0,0,9,5,18,20,0,0,0,0,0,0,0,0,3
0,0,0,0,9,5,18,21,0,0,0,0,0,0,0,0,1
0,0,0,0,9,5,18,22,0,0,0,0,0,0,0,0,4
0,0,0,0,9,5,18,23,0,0,0,0,0,0,0,0,1
0,0,0,0,9,5,25,8,0,0,0,0,0,0,0,0,1
0,0,0,0,9,5,25,9,0,0,0,0,0,0,0,0,2
0,0,0,0,9,5,25,10,0,0,0,0,0,0,0,0,2
0,0,0,0,9,5,25,12,0,0,0,0,0,0,0,0,4
0,0,0,0,9,5,25,13,0,0,0,0,0,0,0,0,3
0,0,0,0,9,5,25,14,0,0,0,0,0,0,0,0,7
0,0,0,0,9,5,25,15,0,0,0,0,0,0,0,0,7
0,0,0,0,9,5,25,16,0,0,0,0,0,0,0,0,13
0,0,0,0,9,5,25,18,0,0,0,0,0,0,0,0,4
0,0,0,0,9,5,25,19,0,0,0,0,0,0,0,0,4
0,0,0,0,9,5,25,20,0,0,0,0,0,0,0,0,1
0,0,0,0,9,5,25,21,0,0,0,0,0,0,0,0,4
0,0,0,0,9,5,25,22,0,0,0,0,0,0,0,0,3
0,0,0,0,9,5,25,23,0,0,0,0,0,0,0,0,2
0,0,0,0,9,6,5,6,0,0,0,0,0,0,0,0,1
0,0,0,0,9,6,5,10,0,0,0,0,0,0,0,0,4
0,0,0,0,9,6,5,11,0,0,0,0,0,0,0,0,3
0,0,0,0,9,6,5,12,0,0,0,0,0,0,0,0,4
0,0,0,0,9,6,5,13,0,0,0,0,0,0,0,0,9
0,0,0,0,9,6,5,14,0,0,0,0,0,0,0,0,2
0,0,0,0,9,6,5,15,0,0,0,0,0,0,0,0,6
0,0,0,0,9,6,5,16,0,0,0,0,0,0,0,0,11
0,0,0,0,9,6,5,17,0,0,0,0,0,0,0,0,6
0,0,0,0,9,6,5,18,0,0,0,0,0,0,0,0,5
0,0,0,0,9,6,5,19,0,0,0,0,0,0,0,0,3
0,0,0,0,9,6,5,20,0,0,0,0,0,0,0,0,3
0,0,0,0,9,6,5,21,0,0,0,0,0,0,0,0,2
0,0,0,0,9,6,5,22,0,0,0,0,0,0,0,0,1
0,0,0,0,9,6,5,23,0,0,0,0,0,0,0,0,3
0,0,0,0,9,6,12,0,0,0,0,0,0,0,0,0,1
0,0,0,0,9,6,12,4,0,0,0,0,0,0,0,0,3
0,0,0,0,9,6,12,10,0,0,0,0,0,0,0,0,2
0,0,0,0,9,6,12,11,0,0,0,0,0,0,0,0,3
0,0,0,0,9,6,12,12,0,0,0,0,0,0,0,0,3
0,0,0,0,9,6,12,14,0,0,0,0,0,0,0,0,5
0,0,0,0,9,6,12,15,0,0,0,0,0,0,0,0,13
0,0,0,0,9,6,12,17,0,0,0,0,0,0,0,0,13
0,0,0,0,9,6,12,18,0,0,0,0,0,0,0,0,2
0,0,0,0,9,6,12,19,0,0,0,0,0,0,0,0,11
0,0,0,0,9,6,12,20,0,0,0,0,0,0,0,0,2
0,0,0,0,9,6,12,21,0,0,0,0,0,0,0,0,2
0,0,0,0,9,6,19,1,0,0,0,0,0,0,0,0,2
0,0,0,0,9,6,19,3,0,0,0,0,0,0,0,0,1
0,0,0,0,9,6,19,9,0,0,0,0,0,0,0,0,7
0,0,0,0,9,6,19,10,0,0,0,0,0,0,0,0,2
0,0,0,0,9,6,19,11,0,0,0,0,0,0,0,0,2
0,0,0,0,9,6,19,12,0,0,0,0,0,0,0,0,2
0,0,0,0,9,6,19,13,0,0,0,0,0,0,0,0,3
0,0,0,0,9,6,19,14,0,0,0,0,0,0,0,0,2
0,0,0,0,9,6,19,15,0,0,0,0,0,0,0,0,11
0,0,0,0,9,6,19,16,0,0,0,0,0,0,0,0,2
0,0,0,0,9,6,19,17,0,0,0,0,0,0,0,0,8
0,0,0,0,9,6,19,18,0,0,0,0,0,0,0,0,8
0,0,0,0,9,6,19,19,0,0,0,0,0,0,0,0,2
0,0,0,0,9,6,19,20,0,0,0,0,0,0,0,0,6
0,0,0,0,9,6,19,21,0,0,0,0,0,0,0,0,5
0,0,0,0,9,6,26,0,0,0,0,0,0,0,0,0,1
0,0,0,0,9,6,26,1,0,0,0,0,0,0,0,0,2
0,0,0,0,9,6,26,9,0,0,0,0,0,0,0,0,1
0,0,0,0,9,6,26,10,0,0,0,0,0,0,0,0,3
0,0,0,0,9,6,26,11,0,0,0,0,0,0,0,0,1
0,0,0,0,9,6,26,12,0,0,0,0,0,0,0,0,3
0,0,0,0,9,6,26,13,0,0,0,0,0,0,0,0,7
0,0,0,0,9,6,26,14,0,0,0,0,0,0,0,0,3
0,0,0,0,9,6,26,15,0,0,0,0,0,0,0,0,4
0,0,0,0,9,6,26,16,0,0,0,0,0,0,0,0,6
0,0,0,0,9,6,26,17,0,0,0,0,0,0,0,0,4
0,0,0,0,9,6,26,18,0,0,0,0,0,0,0,0,5
0,0,0,0,9,6,26,19,0,0,0,0,0,0,0,0,2
0,0,0,0,9,6,26,20,0,0,0,0,0,0,0,0,6
0,0,0,0,9,6,26,22,0,0,0,0,0,0,0,0,1
0,0,0,0,9,6,26,23,0,0,0,0,0,0,0,0,1
0,0,0,0,0,0,0,0,9,0,6,0,0,0,0,0,7
0,0,0,0,0,0,0,0,9,0,6,2,0,0,0,0,2
0,0,0,0,0,0,0,0,9,0,6,5,0,0,0,0,1
0,0,0,0,0,0,0,0,9,0,6,6,0,0,0,0,1
0,0,0,0,0,0,0,0,9,0,6,8,0,0,0,0,1
0,0,0,0,0,0,0,0,9,0,6,9,0,0,0,0,11
0,0,0,0,0,0,0,0,9,0,6,10,0,0,0,0,11
0,0,0,0,0,0,0,0,9,0,6,11,0,0,0,0,3
0,0,0,0,0,0,0,0,9,0,6,12,0,0,0,0,9
0,0,0,0,0,0,0,0,9,0,6,13,0,0,0,0,9
0,0,0,0,0,0,0,0,9,0,6,14,0,0,0,0,9
0,0,0,0,0,0,0,0,9,0,6,15,0,0,0,0,14
0,0,0,0,0,0,0,0,9,0,6,16,0,0,0,0,11
0,0,0,0,0,0,0,0,9,0,6,17,0,0,0,0,12
0,0,0,0,0,0,0,0,9,0,6,18,0,0,0,0,5
0,0,0,0,0,0,0,0,9,0,6,19,0,0,0,0,8
0,0,0,0,0,0,0,0,9,0,6,20,0,0,0,0,2
0,0,0,0,0,0,0,0,9,0,6,21,0,0,0,0,2
0,0,0,0,0,0,0,0,9,0,6,22,0,0,0,0,1
0,0,0,0,0,0,0,0,9,0,6,23,0,0,0,0,3
0,0,0,0,0,0,0,0,9,0,13,0,0,0,0,0,4
0,0,0,0,0,0,0,0,9,0,13,6,0,0,0,0,3
0,0,0,0,0,0,0,0,9,0,13,7,0,0,0,0,8
0,0,0,0,0,0,0,0,9,0,13,8,0,0,0,0,7
0,0,0,0,0,0,0,0,9,0,13,9,0,0,0,0,3
0,0,0,0,0,0,0,0,9,0,13,10,0,0,0,0,3
0,0,0,0,0,0,0,0,9,0,13,11,0,0,0,0,3
0,0,0,0,0,0,0,0,9,0,13,12,0,0,0,0,4
0,0,0,0,0,0,0,0,9,0,13,13,0,0,0,0,4
0,0,0,0,0,0,0,0,9,0,13,14,0,0,0,0,4
0,0,0,0,0,0,0,0,9,0,13,15,0,0,0,0,10
0,0,0,0,0,0,0,0,9,0,13,16,0,0,0,0,3
0,0,0,0,0,0,0,0,9,0,13,17,0,0,0,0,19
0,0,0,0,0,0,0,0,9,0,13,18,0,0,0,0,16
0,0,0,0,0,0,0,0,9,0,13,19,0,0,0,0,15
0,0,0,0,0,0,0,0,9,0,13,20,0,0,0,0,9
0,0,0,0,0,0,0,0,9,0,13,21,0,0,0,0,4
0,0,0,0,0,0,0,0,9,0,13,22,0,0,0,0,1
0,0,0,0,0,0,0,0,9,0,13,23,0,0,0,0,1
0,0,0,0,0,0,0,0,9,0,20,0,0,0,0,0,2
0,0,0,0,0,0,0,0,9,0,20,5,0,0,0,0,3
0,0,0,0,0,0,0,0,9,0,20,7,0,0,0,0,8
0,0,0,0,0,0,0,0,9,0,20,8,0,0,0,0,4
0,0,0,0,0,0,0,0,9,0,20,9,0,0,0,0,1
0,0,0,0,0,0,0,0,9,0,20,10,0,0,0,0,2
0,0,0,0,0,0,0,0,9,0,20,11,0,0,0,0,4
0,0,0,0,0,0,0,0,9,0,20,12,0,0,0,0,4
0,0,0,0,0,0,0,0,9,0,20,13,0,0,0,0,5
0,0,0,0,0,0,0,0,9,0,20,14,0,0,0,0,5
0,0,0,0,0,0,0,0,9,0,20,15,0,0,0,0,7
0,0,0,0,0,0,0,0,9,0,20,16,0,0,0,0,4
0,0,0,0,0,0,0,0,9,0,20,17,0,0,0,0,10
0,0,0,0,0,0,0,0,9,0,20,18,0,0,0,0,13
0,0,0,0,0,0,0,0,9,0,20,19,0,0,0,0,9
0,0,0,0,0,0,0,0,9,0,20,20,0,0,0,0,5
0,0,0,0,0,0,0,0,9,0,20,21,0,0,0,0,3
0,0,0,0,0,0,0,0,9,0,20,22,0,0,0,0,3
0,0,0,0,0,0,0,0,9,0,20,23,0,0,0,0,4
0,0,0,0,0,0,0,0,9,0,27,0,0,0,0,0,1
0,0,0,0,0,0,0,0,9,0,27,1,0,0,0,0,1
0,0,0,0,0,0,0,0,9,0,27,4,0,0,0,0,1
0,0,0,0,0,0,0,0,9,0,27,5,0,0,0,0,1
0,0,0,0,0,0,0,0,9,0,27,6,0,0,0,0,3
0,0,0,0,0,0,0,0,9,0,27,7,0,0,0,0,10
0,0,0,0,0,0,0,0,9,0,27,8,0,0,0,0,10
0,0,0,0,0,0,0,0,9,0,27,9,0,0,0,0,5
0,0,0,0,0,0,0,0,9,0,27,10,0,0,0,0,1
0,0,0,0,0,0,0,0,9,0,27,11,0,0,0,0,3
0,0,0,0,0,0,0,0,9,0,27,12,0,0,0,0,6
0,0,0,0,0,0,0,0,9,0,27,13,0,0,0,0,6
0,0,0,0,0,0,0,0,9,0,27,14,0,0,0,0,4
0,0,0,0,0,0,0,0,9,0,27,15,0,0,0,0,2
0,0,0,0,0,0,0,0,9,0,27,16,0,0,0,0,4
0,0,0,0,0,0,0,0,9,0,27,17,0,0,0,0,14
0,0,0,0,0,0,0,0,9,0,27,18,0,0,0,0,21
0,0,0,0,0,0,0,0,9,0,27,19,0,0,0,0,6
0,0,0,0,0,0,0,0,9,0,27,20,0,0,0,0,2
0,0,0,0,0,0,0,0,9,0,27,21,0,0,0,0,5
0,0,0,0,0,0,0,0,9,0,27,22,0,0,0,0,1
0,0,0,0,0,0,0,0,9,0,27,23,0,0,0,0,2
0,0,0,0,0,0,0,0,9,1,7,0,0,0,0,0,1
0,0,0,0,0,0,0,0,9,1,7,3,0,0,0,0,1
0,0,0,0,0,0,0,0,9,1,7,6,0,0,0,0,7
0,0,0,0,0,0,0,0,9,1,7,7,0,0,0,0,12
0,0,0,0,0,0,0,0,9,1,7,8,0,0,0,0,15
0,0,0,0,0,0,0,0,9,1,7,9,0,0,0,0,4
0,0,0,0,0,0,0,0,9,1,7,11,0,0,0,0,2
0,0,0,0,0,0,0,0,9,1,7,12,0,0,0,0,8
0,0,0,0,0,0,0,0,9,1,7,13,0,0,0,0,4
0,0,0,0,0,0,0,0,9,1,7,14,0,0,0,0,8
0,0,0,0,0,0,0,0,9,1,7,15,0,0,0,0,2
0,0,0,0,0,0,0,0,9,1,7,16,0,0,0,0,7
0,0,0,0,0,0,0,0,9,1,7,17,0,0,0,0,10
0,0,0,0,0,0,0,0,9,1,7,18,0,0,0,0,10
0,0,0,0,0,0,0,0,9,1,7,19,0,0,0,0,5
0,0,0,0,0,0,0,0,9,1,7,20,0,0,0,0,4
0,0,0,0,0,0,0,0,9,1,7,21,0,0,0,0,1
0,0,0,0,0,0,0,0,9,1,7,22,0,0,0,0,2
0,0,0,0,0,0,0,0,9,1,7,23,0,0,0,0,4
0,0,0,0,0,0,0,0,9,1,14,4,0,0,0,0,2
0,0,0,0,0,0,0,0,9,1,14,5,0,0,0,0,1
0,0,0,0,0,0,0,0,9,1,14,6,0,0,0,0,4
0,0,0,0,0,0,0,0,9,1,14,7,0,0,0,0,4
0,0,0,0,0,0,0,0,9,1,14,8,0,0,0,0,4
0,0,0,0,0,0,0,0,9,1,14,9,0,0,0,0,2
0,0,0,0,0,0,0,0,9,1,14,10,0,0,0,0,5
0,0,0,0,0,0,0,0,9,1,14,11,0,0,0,0,8
0,0,0,0,0,0,0,0,9,1,14,12,0,0,0,0,3
0,0,0,0,0,0,0,0,9,1,14,13,0,0,0,0,7
0,0,0,0,0,0,0,0,9,1,14,14,0,0,0,0,5
0,0,0,0,0,0,0,0,9,1,14,15,0,0,0,0,3
0,0,0,0,0,0,0,0,9,1,14,16,0,0,0,0,10
0,0,0,0,0,0,0,0,9,1,14,17,0,0,0,0,11
0,0,0,0,0,0,0,0,9,1,14,18,0,0,0,0,16
0,0,0,0,0,0,0,0,9,1,14,19,0,0,0,0,14
0,0,0,0,0,0,0,0,9,1,14,20,0,0,0,0,5
0,0,0,0,0,0,0,0,9,1,14,21,0,0,0,0,9
0,0,0,0,0,0,0,0,9,1,14,22,0,0,0,0,2
0,0,0,0,0,0,0,0,9,1,14,23,0,0,0,0,4
0,0,0,0,0,0,0,0,9,1,21,1,0,0,0,0,1
0,0,0,0,0,0,0,0,9,1,21,6,0,0,0,0,5
0,0,0,0,0,0,0,0,9,1,21,7,0,0,0,0,4
0,0,0,0,0,0,0,0,9,1,21,8,0,0,0,0,4
0,0,0,0,0,0,0,0,9,1,21,9,0,0,0,0,7
0,0,0,0,0,0,0,0,9,1,21,10,0,0,0,0,2
0,0,0,0,0,0,0,0,9,1,21,11,0,0,0,0,4
0,0,0,0,0,0,0,0,9,1,21,12,0,0,0,0,4
0,0,0,0,0,0,0,0,9,1,21,13,0,0,0,0,5
0,0,0,0,0,0,0,0,9,1,21,14,0,0,0,0,2
0,0,0,0,0,0,0,0,9,1,21,15,0,0,0,0,8
0,0,0,0,0,0,0,0,9,1,21,16,0,0,0,0,6
0,0,0,0,0,0,0,0,9,1,21,17,0,0,0,0,15
0,0,0,0,0,0,0,0,9,1,21,18,0,0,0,0,19
0,0,0,0,0,0,0,0,9,1,21,19,0,0,0,0,7
0,0,0,0,0,0,0,0,9,1,21,20,0,0,0,0,6
0,0,0,0,0,0,0,0,9,1,21,21,0,0,0,0,2
0,0,0,0,0,0,0,0,9,1,21,22,0,0,0,0,2
0,0,0,0,0,0,0,0,9,1,21,23,0,0,0,0,1
0,0,0,0,0,0,0,0,9,1,28,0,0,0,0,0,1
0,0,0,0,0,0,0,0,9,1,28,3,0,0,0,0,2
0,0,0,0,0,0,0,0,9,1,28,4,0,0,0,0,1
0,0,0,0,0,0,0,0,9,1,28,5,0,0,0,0,3
0,0,0,0,0,0,0,0,9,1,28,6,0,0,0,0,4
0,0,0,0,0,0,0,0,9,1,28,7,0,0,0,0,12
0,0,0,0,0,0,0,0,9,1,28,8,0,0,0,0,11
0,0,0,0,0,0,0,0,9,1,28,9,0,0,0,0,5
0,0,0,0,0,0,0,0,9,1,28,10,0,0,0,0,4
0,0,0,0,0,0,0,0,9,1,28,11,0,0,0,0,2
0,0,0,0,0,0,0,0,9,1,28,12,0,0,0,0,7
0,0,0,0,0,0,0,0,9,1,28,13,0,0,0,0,4
0,0,0,0,0,0,0,0,9,1,28,14,0,0,0,0,11
0,0,0,0,0,0,0,0,9,1,28,15,0,0,0,0,4
0,0,0,0,0,0,0,0,9,1,28,16,0,0,0,0,7
0,0,0,0,0,0,0,0,9,1,28,17,0,0,0,0,22
0,0,0,0,0,0,0,0,9,1,28,18,0,0,0,0,11
0,0,0,0,0,0,0,0,9,1,28,19,0,0,0,0,11
0,0,0,0,0,0,0,0,9,1,28,20,0,0,0,0,7
0,0,0,0,0,0,0,0,9,1,28,21,0,0,0,0,2
0,0,0,0,0,0,0,0,9,1,28,22,0,0,0,0,3
0,0,0,0,0,0,0,0,9,1,28,23,0,0,0,0,2
0,0,0,0,0,0,0,0,9,2,1,0,0,0,0,0,1
0,0,0,0,0,0,0,0,9,2,1,1,0,0,0,0,1
0,0,0,0,0,0,0,0,9,2,1,6,0,0,0,0,7
0,0,0,0,0,0,0,0,9,2,1,7,0,0,0,0,9
0,0,0,0,0,0,0,0,9,2,1,8,0,0,0,0,8
0,0,0,0,0,0,0,0,9,2,1,9,0,0,0,0,1
0,0,0,0,0,0,0,0,9,2,1,10,0,0,0,0,1
0,0,0,0,0,0,0,0,9,2,1,11,0,0,0,0,4
0,0,0,0,0,0,0,0,9,2,1,12,0,0,0,0,7
0,0,0,0,0,0,0,0,9,2,1,13,0,0,0,0,10
0,0,0,0,0,0,0,0,9,2,1,14,0,0,0,0,4
0,0,0,0,0,0,0,0,9,2,1,15,0,0,0,0,5
0,0,0,0,0,0,0,0,9,2,1,16,0,0,0,0,8
0,0,0,0,0,0,0,0,9,2,1,17,0,0,0,0,25
0,0,0,0,0,0,0,0,9,2,1,18,0,0,0,0,16
0,0,0,0,0,0,0,0,9,2,1,19,0,0,0,0,7
0,0,0,0,0,0,0,0,9,2,1,20,0,0,0,0,3
0,0,0,0,0,0,0,0,9,2,1,21,0,0,0,0,3
0,0,0,0,0,0,0,0,9,2,1,22,0,0,0,0,8
0,0,0,0,0,0,0,0,9,2,1,23,0,0,0,0,6
0,0,0,0,0,0,0,0,9,2,8,3,0,0,0,0,1
0,0,0,0,0,0,0,0,9,2,8,6,0,0,0,0,3
0,0,0,0,0,0,0,0,9,2,8,7,0,0,0,0,12
0,0,0,0,0,0,0,0,9,2,8,8,0,0,0,0,7
0,0,0,0,0,0,0,0,9,2,8,9,0,0,0,0,3
0,0,0,0,0,0,0,0,9,2,8,10,0,0,0,0,2
0,0,0,0,0,0,0,0,9,2,8,11,0,0,0,0,3
0,0,0,0,0,0,0,0,9,2,8,12,0,0,0,0,4
0,0,0,0,0,0,0,0,9,2,8,13,0,0,0,0,8
0,0,0,0,0,0,0,0,9,2,8,14,0,0,0,0,3
0,0,0,0,0,0,0,0,9,2,8,15,0,0,0,0,9
0,0,0,0,0,0,0,0,9,2,8,16,0,0,0,0,10
0,0,0,0,0,0,0,0,9,2,8,17,0,0,0,0,18
0,0,0,0,0,0,0,0,9,2,8,18,0,0,0,0,16
0,0,0,0,0,0,0,0,9,2,8,19,0,0,0,0,12
0,0,0,0,0,0,0,0,9,2,8,20,0,0,0,0,6
0,0,0,0,0,0,0,0,9,2,8,21,0,0,0,0,2
0,0,0,0,0,0,0,0,9,2,8,22,0,0,0,0,1
0,0,0,0,0,0,0,0,9,2,8,23,0,0,0,0,10
0,0,0,0,0,0,0,0,9,2,15,0,0,0,0,0,2
0,0,0,0,0,0,0,0,9,2,15,3,0,0,0,0,1
0,0,0,0,0,0,0,0,9,2,15,5,0,0,0,0,2
0,0,0,0,0,0,0,0,9,2,15,6,0,0,0,0,9
0,0,0,0,0,0,0,0,9,2,15,7,0,0,0,0,2
0,0,0,0,0,0,0,0,9,2,15,8,0,0,0,0,5
0,0,0,0,0,0,0,0,9,2,15,9,0,0,0,0,1
0,0,0,0,0,0,0,0,9,2,15,10,0,0,0,0,2
0,0,0,0,0,0,0,0,9,2,15,11,0,0,0,0,3
0,0,0,0,0,0,0,0,9,2,15,12,0,0,0,0,6
0,0,0,0,0,0,0,0,9,2,15,13,0,0,0,0,2
0,0,0,0,0,0,0,0,9,2,15,14,0,0,0,0,2
0,0,0,0,0,0,0,0,9,2,15,15,0,0,0,0,7
0,0,0,0,0,0,0,0,9,2,15,16,0,0,0,0,8
0,0,0,0,0,0,0,0,9,2,15,17,0,0,0,0,20
0,0,0,0,0,0,0,0,9,2,15,18,0,0,0,0,21
0,0,0,0,0,0,0,0,9,2,15,19,0,0,0,0,12
0,0,0,0,0,0,0,0,9,2,15,20,0,0,0,0,3
0,0,0,0,0,0,0,0,9,2,15,21,0,0,0,0,3
0,0,0,0,0,0,0,0,9,2,15,22,0,0,0,0,2
0,0,0,0,0,0,0,0,9,2,15,23,0,0,0,0,4
0,0,0,0,0,0,0,0,9,2,22,5,0,0,0,0,2
0,0,0,0,0,0,0,0,9,2,22,6,0,0,0,0,4
0,0,0,0,0,0,0,0,9,2,22,7,0,0,0,0,10
0,0,0,0,0,0,0,0,9,2,22,8,0,0,0,0,2
0,0,0,0,0,0,0,0,9,2,22,11,0,0,0,0,4
0,0,0,0,0,0,0,0,9,2,22,12,0,0,0,0,3
0,0,0,0,0,0,0,0,9,2,22,13,0,0,0,0,3
0,0,0,0,0,0,0,0,9,2,22,14,0,0,0,0,3
0,0,0,0,0,0,0,0,9,2,22,15,0,0,0,0,2
0,0,0,0,0,0,0,0,9,2,22,16,0,0,0,0,7
0,0,0,0,0,0,0,0,9,2,22,17,0,0,0,0,8
0,0,0,0,0,0,0,0,9,2,22,18,0,0,0,0,14
0,0,0,0,0,0,0,0,9,2,22,19,0,0,0,0,6
0,0,0,0,0,0,0,0,9,2,22,20,0,0,0,0,4
0,0,0,0,0,0,0,0,9,2,22,21,0,0,0,0,6
0,0,0,0,0,0,0,0,9,2,22,22,0,0,0,0,4
0,0,0,0,0,0,0,0,9,2,22,23,0,0,0,0,1
0,0,0,0,0,0,0,0,9,2,29,3,0,0,0,0,1
0,0,0,0,0,0,0,0,9,2,29,5,0,0,0,0,2
0,0,0,0,0,0,0,0,9,2,29,6,0,0,0,0,6
0,0,0,0,0,0,0,0,9,2,29,7,0,0,0,0,12
0,0,0,0,0,0,0,0,9,2,29,8,0,0,0,0,8
0,0,0,0,0,0,0,0,9,2,29,9,0,0,0,0,4
0,0,0,0,0,0,0,0,9,2,29,10,0,0,0,0,3
0,0,0,0,0,0,0,0,9,2,29,11,0,0,0,0,3
0,0,0,0,0,0,0,0,9,2,29,12,0,0,0,0,5
0,0,0,0,0,0,0,0,9,2,29,13,0,0,0,0,3
0,0,0,0,0,0,0,0,9,2,29,14,0,0,0,0,3
0,0,0,0,0,0,0,0,9,2,29,15,0,0,0,0,2
0,0,0,0,0,0,0,0,9,2,29,16,0,0,0,0,9
0,0,0,0,0,0,0,0,9,2,29,17,0,0,0,0,16
0,0,0,0,0,0,0,0,9,2,29,18,0,0,0,0,18
0,0,0,0,0,0,0,0,9,2,29,19,0,0,0,0,13
0,0,0,0,0,0,0,0,9,2,29,20,0,0,0,0,2
0,0,0,0,0,0,0,0,9,2,29,21,0,0,0,0,10
0,0,0,0,0,0,0,0,9,2,29,22,0,0,0,0,4
0,0,0,0,0,0,0,0,9,2,29,23,0,0,0,0,3
0,0,0,0,0,0,0,0,9,3,2,0,0,0,0,0,5
0,0,0,0,0,0,0,0,9,3,2,3,0,0,0,0,1
0,0,0,0,0,0,0,0,9,3,2,6,0,0,0,0,3
0,0,0,0,0,0,0,0,9,3,2,7,0,0,0,0,2
0,0,0,0,0,0,0,0,9,3,2,8,0,0,0,0,4
0,0,0,0,0,0,0,0,9,3,2,9,0,0,0,0,2
0,0,0,0,0,0,0,0,9,3,2,10,0,0,0,0,4
0,0,0,0,0,0,0,0,9,3,2,11,0,0,0,0,7
0,0,0,0,0,0,0,0,9,3,2,12,0,0,0,0,3
0,0,0,0,0,0,0,0,9,3,2,13,0,0,0,0,5
0,0,0,0,0,0,0,0,9,3,2,14,0,0,0,0,5
0,0,0,0,0,0,0,0,9,3,2,15,0,0,0,0,8
0,0,0,0,0,0,0,0,9,3,2,16,0,0,0,0,16
0,0,0,0,0,0,0,0,9,3,2,17,0,0,0,0,15
0,0,0,0,0,0,0,0,9,3,2,18,0,0,0,0,17
0,0,0,0,0,0,0,0,9,3,2,19,0,0,0,0,8
0,0,0,0,0,0,0,0,9,3,2,20,0,0,0,0,10
0,0,0,0,0,0,0,0,9,3,2,21,0,0,0,0,3
0,0,0,0,0,0,0,0,9,3,2,22,0,0,0,0,5
0,0,0,0,0,0,0,0,9,3,2,23,0,0,0,0,1
0,0,0,0,0,0,0,0,9,3,9,0,0,0,0,0,1
0,0,0,0,0,0,0,0,9,3,9,1,0,0,0,0,1
0,0,0,0,0,0,0,0,9,3,9,6,0,0,0,0,6
0,0,0,0,0,0,0,0,9,3,9,7,0,0,0,0,8
0,0,0,0,0,0,0,0,9,3,9,8,0,0,0,0,4
0,0,0,0,0,0,0,0,9,3,9,9,0,0,0,0,2
0,0,0,0,0,0,0,0,9,3,9,10,0,0,0,0,2
0,0,0,0,0,0,0,0,9,3,9,11,0,0,0,0,7
0,0,0,0,0,0,0,0,9,3,9,12,0,0,0,0,11
0,0,0,0,0,0,0,0,9,3,9,13,0,0,0,0,5
0,0,0,0,0,0,0,0,9,3,9,14,0,0,0,0,10
0,0,0,0,0,0,0,0,9,3,9,15,0,0,0,0,5
0,0,0,0,0,0,0,0,9,3,9,16,0,0,0,0,9
0,0,0,0,0,0,0,0,9,3,9,17,0,0,0,0,10
0,0,0,0,0,0,0,0,9,3,9,18,0,0,0,0,18
0,0,0,0,0,0,0,0,9,3,9,19,0,0,0,0,13
0,0,0,0,0,0,0,0,9,3,9,20,0,0,0,0,9
0,0,0,0,0,0,0,0,9,3,9,21,0,0,0,0,5
0,0,0,0,0,0,0,0,9,3,9,22,0,0,0,0,3
0,0,0,0,0,0,0,0,9,3,9,23,0,0,0,0,11
0,0,0,0,0,0,0,0,9,3,16,0,0,0,0,0,1
0,0,0,0,0,0,0,0,9,3,16,1,0,0,0,0,1
0,0,0,0,0,0,0,0,9,3,16,4,0,0,0,0,1
0,0,0,0,0,0,0,0,9,3,16,8,0,0,0,0,4
0,0,0,0,0,0,0,0,9,3,16,9,0,0,0,0,1
0,0,0,0,0,0,0,0,9,3,16,10,0,0,0,0,3
0,0,0,0,0,0,0,0,9,3,16,11,0,0,0,0,5
0,0,0,0,0,0,0,0,9,3,16,12,0,0,0,0,5
0,0,0,0,0,0,0,0,9,3,16,13,0,0,0,0,7
0,0,0,0,0,0,0,0,9,3,16,14,0,0,0,0,13
0,0,0,0,0,0,0,0,9,3,16,15,0,0,0,0,5
0,0,0,0,0,0,0,0,9,3,16,16,0,0,0,0,15
0,0,0,0,0,0,0,0,9,3,16,17,0,0,0,0,17
0,0,0,0,0,0,0,0,9,3,16,18,0,0,0,0,17
0,0,0,0,0,0,0,0,9,3,16,19,0,0,0,0,11
0,0,0,0,0,0,0,0,9,3,16,20,0,0,0,0,8
0,0,0,0,0,0,0,0,9,3,16,21,0,0,0,0,19
0,0,0,0,0,0,0,0,9,3,16,22,0,0,0,0,19
0,0,0,0,0,0,0,0,9,3,16,23,0,0,0,0,5
0,0,0,0,0,0,0,0,9,3,23,0,0,0,0,0,1
0,0,0,0,0,0,0,0,9,3,23,3,0,0,0,0,1
0,0,0,0,0,0,0,0,9,3,23,5,0,0,0,0,2
0,0,0,0,0,0,0,0,9,3,23,6,0,0,0,0,5
0,0,0,0,0,0,0,0,9,3,23,7,0,0,0,0,11
0,0,0,0,0,0,0,0,9,3,23,8,0,0,0,0,6
0,0,0,0,0,0,0,0,9,3,23,9,0,0,0,0,3
0,0,0,0,0,0,0,0,9,3,23,10,0,0,0,0,3
0,0,0,0,0,0,0,0,9,3,23,11,0,0,0,0,10
0,0,0,0,0,0,0,0,9,3,23,12,0,0,0,0,6
0,0,0,0,0,0,0,0,9,3,23,13,0,0,0,0,5
0,0,0,0,0,0,0,0,9,3,23,14,0,0,0,0,4
0,0,0,0,0,0,0,0,9,3,23,15,0,0,0,0,5
0,0,0,0,0,0,0,0,9,3,23,16,0,0,0,0,6
0,0,0,0,0,0,0,0,9,3,23,17,0,0,0,0,15
0,0,0,0,0,0,0,0,9,3,23,18,0,0,0,0,10
0,0,0,0,0,0,0,0,9,3,23,19,0,0,0,0,21
0,0,0,0,0,0,0,0,9,3,23,20,0,0,0,0,5
0,0,0,0,0,0,0,0,9,3,23,21,0,0,0,0,2
0,0,0,0,0,0,0,0,9,3,23,22,0,0,0,0,6
0,0,0,0,0,0,0,0,9,3,23,23,0,0,0,0,1
0,0,0,0,0,0,0,0,9,3,30,0,0,0,0,0,1
0,0,0,0,0,0,0,0,9,3,30,6,0,0,0,0,4
0,0,0,0,0,0,0,0,9,3,30,7,0,0,0,0,9
0,0,0,0,0,0,0,0,9,3,30,8,0,0,0,0,6
0,0,0,0,0,0,0,0,9,3,30,9,0,0,0,0,3
0,0,0,0,0,0,0,0,9,3,30,10,0,0,0,0,3
0,0,0,0,0,0,0,0,9,3,30,11,0,0,0,0,5
0,0,0,0,0,0,0,0,9,3,30,12,0,0,0,0,4
0,0,0,0,0,0,0,0,9,3,30,14,0,0,0,0,5
0,0,0,0,0,0,0,0,9,3,30,15,0,0,0,0,6
0,0,0,0,0,0,0,0,9,3,30,16,0,0,0,0,11
0,0,0,0,0,0,0,0,9,3,30,17,0,0,0,0,14
0,0,0,0,0,0,0,0,9,3,30,18,0,0,0,0,10
0,0,0,0,0,0,0,0,9,3,30,19,0,0,0,0,8
0,0,0,0,0,0,0,0,9,3,30,20,0,0,0,0,12
0,0,0,0,0,0,0,0,9,3,30,21,0,0,0,0,3
0,0,0,0,0,0,0,0,9,3,30,22,0,0,0,0,5
0,0,0,0,0,0,0,0,9,3,30,23,0,0,0,0,1
0,0,0,0,0,0,0,0,9,4,3,0,0,0,0,0,1
0,0,0,0,0,0,0,0,9,4,3,1,0,0,0,0,6
0,0,0,0,0,0,0,0,9,4,3,3,0,0,0,0,1
0,0,0,0,0,0,0,0,9,4,3,6,0,0,0,0,6
0,0,0,0,0,0,0,0,9,4,3,7,0,0,0,0,2
0,0,0,0,0,0,0,0,9,4,3,8,0,0,0,0,7
0,0,0,0,0,0,0,0,9,4,3,9,0,0,0,0,4
0,0,0,0,0,0,0,0,9,4,3,10,0,0,0,0,6
0,0,0,0,0,0,0,0,9,4,3,11,0,0,0,0,3
0,0,0,0,0,0,0,0,9,4,3,12,0,0,0,0,7
0,0,0,0,0,0,0,0,9,4,3,13,0,0,0,0,8
0,0,0,0,0,0,0,0,9,4,3,14,0,0,0,0,7
0,0,0,0,0,0,0,0,9,4,3,15,0,0,0,0,6
0,0,0,0,0,0,0,0,9,4,3,16,0,0,0,0,15
0,0,0,0,0,0,0,0,9,4,3,17,0,0,0,0,13
0,0,0,0,0,0,0,0,9,4,3,18,0,0,0,0,8
0,0,0,0,0,0,0,0,9,4,3,19,0,0,0,0,6
0,0,0,0,0,0,0,0,9,4,3,20,0,0,0,0,3
0,0,0,0,0,0,0,0,9,4,3,21,0,0,0,0,9
0,0,0,0,0,0,0,0,9,4,3,22,0,0,0,0,1
0,0,0,0,0,0,0,0,9,4,3,23,0,0,0,0,1
0,0,0,0,0,0,0,0,9,4,10,0,0,0,0,0,2
0,0,0,0,0,0,0,0,9,4,10,2,0,0,0,0,2
0,0,0,0,0,0,0,0,9,4,10,6,0,0,0,0,5
0,0,0,0,0,0,0,0,9,4,10,7,0,0,0,0,6
0,0,0,0,0,0,0,0,9,4,10,8,0,0,0,0,6
0,0,0,0,0,0,0,0,9,4,10,9,0,0,0,0,4
0,0,0,0,0,0,0,0,9,4,10,10,0,0,0,0,3
0,0,0,0,0,0,0,0,9,4,10,11,0,0,0,0,9
0,0,0,0,0,0,0,0,9,4,10,12,0,0,0,0,4
0,0,0,0,0,0,0,0,9,4,10,13,0,0,0,0,8
0,0,0,0,0,0,0,0,9,4,10,14,0,0,0,0,7
0,0,0,0,0,0,0,0,9,4,10,15,0,0,0,0,4
0,0,0,0,0,0,0,0,9,4,10,16,0,0,0,0,16
0,0,0,0,0,0,0,0,9,4,10,17,0,0,0,0,17
0,0,0,0,0,0,0,0,9,4,10,18,0,0,0,0,17
0,0,0,0,0,0,0,0,9,4,10,19,0,0,0,0,9
0,0,0,0,0,0,0,0,9,4,10,20,0,0,0,0,10
0,0,0,0,0,0,0,0,9,4,10,21,0,0,0,0,4
0,0,0,0,0,0,0,0,9,4,10,22,0,0,0,0,9
0,0,0,0,0,0,0,0,9,4,10,23,0,0,0,0,10
0,0,0,0,0,0,0,0,9,4,17,0,0,0,0,0,2
0,0,0,0,0,0,0,0,9,4,17,1,0,0,0,0,6
0,0,0,0,0,0,0,0,9,4,17,5,0,0,0,0,3
0,0,0,0,0,0,0,0,9,4,17,6,0,0,0,0,2
0,0,0,0,0,0,0,0,9,4,17,7,0,0,0,0,3
0,0,0,0,0,0,0,0,9,4,17,8,0,0,0,0,4
0,0,0,0,0,0,0,0,9,4,17,9,0,0,0,0,6
0,0,0,0,0,0,0,0,9,4,17,10,0,0,0,0,2
0,0,0,0,0,0,0,0,9,4,17,11,0,0,0,0,8
0,0,0,0,0,0,0,0,9,4,17,12,0,0,0,0,7
0,0,0,0,0,0,0,0,9,4,17,13,0,0,0,0,2
0,0,0,0,0,0,0,0,9,4,17,14,0,0,0,0,6
0,0,0,0,0,0,0,0,9,4,17,15,0,0,0,0,9
0,0,0,0,0,0,0,0,9,4,17,16,0,0,0,0,11
0,0,0,0,0,0,0,0,9,4,17,17,0,0,0,0,24
0,0,0,0,0,0,0,0,9,4,17,18,0,0,0,0,10
0,0,0,0,0,0,0,0,9,4,17,19,0,0,0,0,12
0,0,0,0,0,0,0,0,9,4,17,20,0,0,0,0,5
0,0,0,0,0,0,0,0,9,4,17,21,0,0,0,0,2
0,0,0,0,0,0,0,0,9,4,17,22,0,0,0,0,2
0,0,0,0,0,0,0,0,9,4,17,23,0,0,0,0,6
0,0,0,0,0,0,0,0,9,4,24,0,0,0,0,0,1
0,0,0,0,0,0,0,0,9,4,24,3,0,0,0,0,1
0,0,0,0,0,0,0,0,9,4,24,4,0,0,0,0,1
0,0,0,0,0,0,0,0,9,4,24,5,0,0,0,0,1
0,0,0,0,0,0,0,0,9,4,24,6,0,0,0,0,2
0,0,0,0,0,0,0,0,9,4,24,7,0,0,0,0,3
0,0,0,0,0,0,0,0,9,4,24,8,0,0,0,0,5
0,0,0,0,0,0,0,0,9,4,24,9,0,0,0,0,6
0,0,0,0,0,0,0,0,9,4,24,10,0,0,0,0,5
0,0,0,0,0,0,0,0,9,4,24,11,0,0,0,0,3
0,0,0,0,0,0,0,0,9,4,24,12,0,0,0,0,5
0,0,0,0,0,0,0,0,9,4,24,13,0,0,0,0,10
0,0,0,0,0,0,0,0,9,4,24,14,0,0,0,0,5
0,0,0,0,0,0,0,0,9,4,24,15,0,0,0,0,8
0,0,0,0,0,0,0,0,9,4,24,16,0,0,0,0,6
0,0,0,0,0,0,0,0,9,4,24,17,0,0,0,0,19
0,0,0,0,0,0,0,0,9,4,24,18,0,0,0,0,21
0,0,0,0,0,0,0,0,9,4,24,19,0,0,0,0,7
0,0,0,0,0,0,0,0,9,4,24,20,0,0,0,0,6
0,0,0,0,0,0,0,0,9,4,24,21,0,0,0,0,3
0,0,0,0,0,0,0,0,9,4,24,22,0,0,0,0,7
0,0,0,0,0,0,0,0,9,4,24,23,0,0,0,0,3
0,0,0,0,0,0,0,0,9,5,4,0,0,0,0,0,24
0,0,0,0,0,0,0,0,9,5,4,1,0,0,0,0,5
0,0,0,0,0,0,0,0,9,5,4,6,0,0,0,0,2
0,0,0,0,0,0,0,0,9,5,4,7,0,0,0,0,2
0,0,0,0,0,0,0,0,9,5,4,8,0,0,0,0,2
0,0,0,0,0,0,0,0,9,5,4,9,0,0,0,0,4
0,0,0,0,0,0,0,0,9,5,4,10,0,0,0,0,9
0,0,0,0,0,0,0,0,9,5,4,11,0,0,0,0,8
0,0,0,0,0,0,0,0,9,5,4,12,0,0,0,0,16
0,0,0,0,0,0,0,0,9,5,4,13,0,0,0,0,11
0,0,0,0,0,0,0,0,9,5,4,14,0,0,0,0,8
0,0,0,0,0,0,0,0,9,5,4,15,0,0,0,0,14
0,0,0,0,0,0,0,0,9,5,4,16,0,0,0,0,14
0,0,0,0,0,0,0,0,9,5,4,17,0,0,0,0,9
0,0,0,0,0,0,0,0,9,5,4,18,0,0,0,0,6
0,0,0,0,0,0,0,0,9,5,4,19,0,0,0,0,7
0,0,0,0,0,0,0,0,9,5,4,20,0,0,0,0,4
0,0,0,0,0,0,0,0,9,5,4,21,0,0,0,0,5
0,0,0,0,0,0,0,0,9,5,4,22,0,0,0,0,8
0,0,0,0,0,0,0,0,9,5,4,23,0,0,0,0,17
0,0,0,0,0,0,0,0,9,5,11,0,0,0,0,0,4
0,0,0,0,0,0,0,0,9,5,11,1,0,0,0,0,15
0,0,0,0,0,0,0,0,9,5,11,2,0,0,0,0,3
0,0,0,0,0,0,0,0,9,5,11,5,0,0,0,0,1
0,0,0,0,0,0,0,0,9,5,11,6,0,0,0,0,1
0,0,0,0,0,0,0,0,9,5,11,7,0,0,0,0,2
0,0,0,0,0,0,0,0,9,5,11,8,0,0,0,0,2
0,0,0,0,0,0,0,0,9,5,11,9,0,0,0,0,7
0,0,0,0,0,0,0,0,9,5,11,10,0,0,0,0,7
0,0,0,0,0,0,0,0,9,5,11,11,0,0,0,0,13
0,0,0,0,0,0,0,0,9,5,11,12,0,0,0,0,4
0,0,0,0,0,0,0,0,9,5,11,13,0,0,0,0,11
0,0,0,0,0,0,0,0,9,5,11,14,0,0,0,0,12
0,0,0,0,0,0,0,0,9,5,11,15,0,0,0,0,9
0,0,0,0,0,0,0,0,9,5,11,16,0,0,0,0,8
0,0,0,0,0,0,0,0,9,5,11,17,0,0,0,0,9
0,0,0,0,0,0,0,0,9,5,11,18,0,0,0,0,10
0,0,0,0,0,0,0,0,9,5,11,19,0,0,0,0,8
0,0,0,0,0,0,0,0,9,5,11,21,0,0,0,0,6
0,0,0,0,0,0,0,0,9,5,11,22,0,0,0,0,5
0,0,0,0,0,0,0,0,9,5,11,23,0,0,0,0,5
0,0,0,0,0,0,0,0,9,5,18,0,0,0,0,0,8
0,0,0,0,0,0,0,0,9,5,18,1,0,0,0,0,7
0,0,0,0,0,0,0,0,9,5,18,2,0,0,0,0,1
0,0,0,0,0,0,0,0,9,5,18,5,0,0,0,0,3
0,0,0,0,0,0,0,0,9,5,18,6,0,0,0,0,4
0,0,0,0,0,0,0,0,9,5,18,8,0,0,0,0,6
0,0,0,0,0,0,0,0,9,5,18,9,0,0,0,0,9
0,0,0,0,0,0,0,0,9,5,18,10,0,0,0,0,8
0,0,0,0,0,0,0,0,9,5,18,11,0,0,0,0,6
0,0,0,0,0,0,0,0,9,5,18,12,0,0,0,0,6
0,0,0,0,0,0,0,0,9,5,18,13,0,0,0,0,9
0,0,0,0,0,0,0,0,9,5,18,14,0,0,0,0,5
0,0,0,0,0,0,0,0,9,5,18,15,0,0,0,0,9
0,0,0,0,0,0,0,0,9,5,18,16,0,0,0,0,9
0,0,0,0,0,0,0,0,9,5,18,17,0,0,0,0,8
0,0,0,0,0,0,0,0,9,5,18,18,0,0,0,0,9
0,0,0,0,0,0,0,0,9,5,18,19,0,0,0,0,11
0,0,0,0,0,0,0,0,9,5,18,20,0,0,0,0,5
0,0,0,0,0,0,0,0,9,5,18,21,0,0,0,0,9
0,0,0,0,0,0,0,0,9,5,18,22,0,0,0,0,5
0,0,0,0,0,0,0,0,9,5,18,23,0,0,0,0,10
0,0,0,0,0,0,0,0,9,5,25,0,0,0,0,0,3
0,0,0,0,0,0,0,0,9,5,25,1,0,0,0,0,1
0,0,0,0,0,0,0,0,9,5,25,2,0,0,0,0,1
0,0,0,0,0,0,0,0,9,5,25,6,0,0,0,0,2
0,0,0,0,0,0,0,0,9,5,25,7,0,0,0,0,1
0,0,0,0,0,0,0,0,9,5,25,8,0,0,0,0,7
0,0,0,0,0,0,0,0,9,5,25,9,0,0,0,0,7
0,0,0,0,0,0,0,0,9,5,25,10,0,0,0,0,6
0,0,0,0,0,0,0,0,9,5,25,11,0,0,0,0,11
0,0,0,0,0,0,0,0,9,5,25,12,0,0,0,0,6
0,0,0,0,0,0,0,0,9,5,25,13,0,0,0,0,18
0,0,0,0,0,0,0,0,9,5,25,14,0,0,0,0,4
0,0,0,0,0,0,0,0,9,5,25,15,0,0,0,0,8
0,0,0,0,0,0,0,0,9,5,25,16,0,0,0,0,10
0,0,0,0,0,0,0,0,9,5,25,17,0,0,0,0,12
0,0,0,0,0,0,0,0,9,5,25,18,0,0,0,0,13
0,0,0,0,0,0,0,0,9,5,25,19,0,0,0,0,12
0,0,0,0,0,0,0,0,9,5,25,20,0,0,0,0,4
0,0,0,0,0,0,0,0,9,5,25,21,0,0,0,0,9
0,0,0,0,0,0,0,0,9,5,25,22,0,0,0,0,2
0,0,0,0,0,0,0,0,9,5,25,23,0,0,0,0,5
0,0,0,0,0,0,0,0,9,6,5,0,0,0,0,0,3
0,0,0,0,0,0,0,0,9,6,5,1,0,0,0,0,4
0,0,0,0,0,0,0,0,9,6,5,2,0,0,0,0,1
0,0,0,0,0,0,0,0,9,6,5,3,0,0,0,0,2
0,0,0,0,0,0,0,0,9,6,5,4,0,0,0,0,3
0,0,0,0,0,0,0,0,9,6,5,6,0,0,0,0,1
0,0,0,0,0,0,0,0,9,6,5,8,0,0,0,0,2
0,0,0,0,0,0,0,0,9,6,5,9,0,0,0,0,3
0,0,0,0,0,0,0,0,9,6,5,10,0,0,0,0,10
0,0,0,0,0,0,0,0,9,6,5,11,0,0,0,0,13
0,0,0,0,0,0,0,0,9,6,5,12,0,0,0,0,9
0,0,0,0,0,0,0,0,9,6,5,13,0,0,0,0,16
0,0,0,0,0,0,0,0,9,6,5,14,0,0,0,0,6
0,0,0,0,0,0,0,0,9,6,5,15,0,0,0,0,9
0,0,0,0,0,0,0,0,9,6,5,16,0,0,0,0,7
0,0,0,0,0,0,0,0,9,6,5,17,0,0,0,0,13
0,0,0,0,0,0,0,0,9,6,5,18,0,0,0,0,7
0,0,0,0,0,0,0,0,9,6,5,19,0,0,0,0,1
0,0,0,0,0,0,0,0,9,6,5,20,0,0,0,0,2
0,0,0,0,0,0,0,0,9,6,5,21,0,0,0,0,8
0,0,0,0,0,0,0,0,9,6,5,22,0,0,0,0,27
0,0,0,0,0,0,0,0,9,6,5,23,0,0,0,0,10
0,0,0,0,0,0,0,0,9,6,12,0,0,0,0,0,10
0,0,0,0,0,0,0,0,9,6,12,1,0,0,0,0,5
0,0,0,0,0,0,0,0,9,6,12,2,0,0,0,0,6
0,0,0,0,0,0,0,0,9,6,12,3,0,0,0,0,1
0,0,0,0,0,0,0,0,9,6,12,5,0,0,0,0,1
0,0,0,0,0,0,0,0,9,6,12,6,0,0,0,0,2
0,0,0,0,0,0,0,0,9,6,12,7,0,0,0,0,1
0,0,0,0,0,0,0,0,9,6,12,8,0,0,0,0,3
0,0,0,0,0,0,0,0,9,6,12,9,0,0,0,0,2
0,0,0,0,0,0,0,0,9,6,12,10,0,0,0,0,4
0,0,0,0,0,0,0,0,9,6,12,11,0,0,0,0,8
0,0,0,0,0,0,0,0,9,6,12,12,0,0,0,0,11
0,0,0,0,0,0,0,0,9,6,12,13,0,0,0,0,8
0,0,0,0,0,0,0,0,9,6,12,14,0,0,0,0,4
0,0,0,0,0,0,0,0,9,6,12,15,0,0,0,0,9
0,0,0,0,0,0,0,0,9,6,12,16,0,0,0,0,14
0,0,0,0,0,0,0,0,9,6,12,17,0,0,0,0,14
0,0,0,0,0,0,0,0,9,6,12,18,0,0,0,0,7
0,0,0,0,0,0,0,0,9,6,12,19,0,0,0,0,8
0,0,0,0,0,0,0,0,9,6,12,20,0,0,0,0,3
0,0,0,0,0,0,0,0,9,6,12,21,0,0,0,0,3
0,0,0,0,0,0,0,0,9,6,12,22,0,0,0,0,7
0,0,0,0,0,0,0,0,9,6,12,23,0,0,0,0,3
0,0,0,0,0,0,0,0,9,6,19,0,0,0,0,0,5
0,0,0,0,0,0,0,0,9,6,19,1,0,0,0,0,13
0,0,0,0,0,0,0,0,9,6,19,2,0,0,0,0,2
0,0,0,0,0,0,0,0,9,6,19,3,0,0,0,0,1
0,0,0,0,0,0,0,0,9,6,19,4,0,0,0,0,1
0,0,0,0,0,0,0,0,9,6,19,6,0,0,0,0,2
0,0,0,0,0,0,0,0,9,6,19,8,0,0,0,0,3
0,0,0,0,0,0,0,0,9,6,19,9,0,0,0,0,7
0,0,0,0,0,0,0,0,9,6,19,10,0,0,0,0,13
0,0,0,0,0,0,0,0,9,6,19,11,0,0,0,0,8
0,0,0,0,0,0,0,0,9,6,19,12,0,0,0,0,19
0,0,0,0,0,0,0,0,9,6,19,13,0,0,0,0,8
0,0,0,0,0,0,0,0,9,6,19,14,0,0,0,0,7
0,0,0,0,0,0,0,0,9,6,19,15,0,0,0,0,21
0,0,0,0,0,0,0,0,9,6,19,16,0,0,0,0,13
0,0,0,0,0,0,0,0,9,6,19,17,0,0,0,0,17
0,0,0,0,0,0,0,0,9,6,19,18,0,0,0,0,5
0,0,0,0,0,0,0,0,9,6,19,19,0,0,0,0,4
0,0,0,0,0,0,0,0,9,6,19,20,0,0,0,0,5
0,0,0,0,0,0,0,0,9,6,19,21,0,0,0,0,6
0,0,0,0,0,0,0,0,9,6,19,22,0,0,0,0,2
0,0,0,0,0,0,0,0,9,6,19,23,0,0,0,0,4
0,0,0,0,0,0,0,0,9,6,26,0,0,0,0,0,2
0,0,0,0,0,0,0,0,9,6,26,1,0,0,0,0,3
0,0,0,0,0,0,0,0,9,6,26,2,0,0,0,0,1
0,0,0,0,0,0,0,0,9,6,26,4,0,0,0,0,2
0,0,0,0,0,0,0,0,9,6,26,6,0,0,0,0,1
0,0,0,0,0,0,0,0,9,6,26,7,0,0,0,0,1
0,0,0,0,0,0,0,0,9,6,26,8,0,0,0,0,3
0,0,0,0,0,0,0,0,9,6,26,9,0,0,0,0,4
0,0,0,0,0,0,0,0,9,6,26,10,0,0,0,0,12
0,0,0,0,0,0,0,0,9,6,26,11,0,0,0,0,14
0,0,0,0,0,0,0,0,9,6,26,12,0,0,0,0,17
0,0,0,0,0,0,0,0,9,6,26,13,0,0,0,0,16
0,0,0,0,0,0,0,0,9,6,26,14,0,0,0,0,16
0,0,0,0,0,0,0,0,9,6,26,15,0,0,0,0,19
0,0,0,0,0,0,0,0,9,6,26,16,0,0,0,0,18
0,0,0,0,0,0,0,0,9,6,26,17,0,0,0,0,9
0,0,0,0,0,0,0,0,9,6,26,18,0,0,0,0,7
0,0,0,0,0,0,0,0,9,6,26,19,0,0,0,0,5
0,0,0,0,0,0,0,0,9,6,26,20,0,0,0,0,1
0,0,0,0,0,0,0,0,9,6,26,21,0,0,0,0,2
0,0,0,0,0,0,0,0,9,6,26,22,0,0,0,0,1
0,0,0,0,0,0,0,0,9,6,26,23,0,0,0,0,2
0,0,0,0,0,0,0,0,0,0,0,0,9,0,6,0,5
0,0,0,0,0,0,0,0,0,0,0,0,9,0,6,1,2
0,0,0,0,0,0,0,0,0,0,0,0,9,0,6,2,9
0,0,0,0,0,0,0,0,0,0,0,0,9,0,6,3,8
0,0,0,0,0,0,0,0,0,0,0,0,9,0,6,4,6
0,0,0,0,0,0,0,0,0,0,0,0,9,0,6,7,2
0,0,0,0,0,0,0,0,0,0,0,0,9,0,6,8,1
0,0,0,0,0,0,0,0,0,0,0,0,9,0,6,9,1
0,0,0,0,0,0,0,0,0,0,0,0,9,0,6,10,7
0,0,0,0,0,0,0,0,0,0,0,0,9,0,6,11,4
0,0,0,0,0,0,0,0,0,0,0,0,9,0,6,12,10
0,0,0,0,0,0,0,0,0,0,0,0,9,0,6,13,9
0,0,0,0,0,0,0,0,0,0,0,0,9,0,6,14,12
0,0,0,0,0,0,0,0,0,0,0,0,9,0,6,15,20
0,0,0,0,0,0,0,0,0,0,0,0,9,0,6,16,47
0,0,0,0,0,0,0,0,0,0,0,0,9,0,6,17,5
0,0,0,0,0,0,0,0,0,0,0,0,9,0,6,18,6
0,0,0,0,0,0,0,0,0,0,0,0,9,0,6,19,4
0,0,0,0,0,0,0,0,0,0,0,0,9,0,6,20,10
0,0,0,0,0,0,0,0,0,0,0,0,9,0,6,21,3
0,0,0,0,0,0,0,0,0,0,0,0,9,0,6,22,1
0,0,0,0,0,0,0,0,0,0,0,0,9,0,6,23,1
0,0,0,0,0,0,0,0,0,0,0,0,9,0,13,0,1
0,0,0,0,0,0,0,0,0,0,0,0,9,0,13,1,2
0,0,0,0,0,0,0,0,0,0,0,0,9,0,13,2,2
0,0,0,0,0,0,0,0,0,0,0,0,9,0,13,5,1
0,0,0,0,0,0,0,0,0,0,0,0,9,0,13,6,3
0,0,0,0,0,0,0,0,0,0,0,0,9,0,13,7,2
0,0,0,0,0,0,0,0,0,0,0,0,9,0,13,8,2
0,0,0,0,0,0,0,0,0,0,0,0,9,0,13,9,1
0,0,0,0,0,0,0,0,0,0,0,0,9,0,13,10,2
0,0,0,0,0,0,0,0,0,0,0,0,9,0,13,12,5
0,0,0,0,0,0,0,0,0,0,0,0,9,0,13,13,1
0,0,0,0,0,0,0,0,0,0,0,0,9,0,13,14,1
0,0,0,0,0,0,0,0,0,0,0,0,9,0,13,15,4
0,0,0,0,0,0,0,0,0,0,0,0,9,0,13,16,2
0,0,0,0,0,0,0,0,0,0,0,0,9,0,13,17,4
0,0,0,0,0,0,0,0,0,0,0,0,9,0,13,18,10
0,0,0,0,0,0,0,0,0,0,0,0,9,0,13,19,2
0,0,0,0,0,0,0,0,0,0,0,0,9,0,13,20,5
0,0,0,0,0,0,0,0,0,0,0,0,9,0,13,21,1
0,0,0,0,0,0,0,0,0,0,0,0,9,0,13,23,2
0,0,0,0,0,0,0,0,0,0,0,0,9,0,20,0,1
0,0,0,0,0,0,0,0,0,0,0,0,9,0,20,1,1
0,0,0,0,0,0,0,0,0,0,0,0,9,0,20,3,1
0,0,0,0,0,0,0,0,0,0,0,0,9,0,20,6,3
0,0,0,0,0,0,0,0,0,0,0,0,9,0,20,7,5
0,0,0,0,0,0,0,0,0,0,0,0,9,0,20,11,3
0,0,0,0,0,0,0,0,0,0,0,0,9,0,20,12,2
0,0,0,0,0,0,0,0,0,0,0,0,9,0,20,14,2
0,0,0,0,0,0,0,0,0,0,0,0,9,0,20,15,2
0,0,0,0,0,0,0,0,0,0,0,0,9,0,20,16,8
0,0,0,0,0,0,0,0,0,0,0,0,9,0,20,17,2
0,0,0,0,0,0,0,0,0,0,0,0,9,0,20,18,10
0,0,0,0,0,0,0,0,0,0,0,0,9,0,20,19,4
0,0,0,0,0,0,0,0,0,0,0,0,9,0,20,20,1
0,0,0,0,0,0,0,0,0,0,0,0,9,0,20,22,3
0,0,0,0,0,0,0,0,0,0,0,0,9,0,20,23,1
0,0,0,0,0,0,0,0,0,0,0,0,9,0,27,0,1
0,0,0,0,0,0,0,0,0,0,0,0,9,0,27,1,4
0,0,0,0,0,0,0,0,0,0,0,0,9,0,27,2,1
0,0,0,0,0,0,0,0,0,0,0,0,9,0,27,7,1
0,0,0,0,0,0,0,0,0,0,0,0,9,0,27,8,2
0,0,0,0,0,0,0,0,0,0,0,0,9,0,27,9,3
0,0,0,0,0,0,0,0,0,0,0,0,9,0,27,11,1
0,0,0,0,0,0,0,0,0,0,0,0,9,0,27,12,5
0,0,0,0,0,0,0,0,0,0,0,0,9,0,27,13,4
0,0,0,0,0,0,0,0,0,0,0,0,9,0,27,14,3
0,0,0,0,0,0,0,0,0,0,0,0,9,0,27,15,4
0,0,0,0,0,0,0,0,0,0,0,0,9,0,27,16,2
0,0,0,0,0,0,0,0,0,0,0,0,9,0,27,17,6
0,0,0,0,0,0,0,0,0,0,0,0,9,0,27,18,2
0,0,0,0,0,0,0,0,0,0,0,0,9,0,27,19,2
0,0,0,0,0,0,0,0,0,0,0,0,9,0,27,20,4
0,0,0,0,0,0,0,0,0,0,0,0,9,0,27,21,4
0,0,0,0,0,0,0,0,0,0,0,0,9,0,27,23,1
0,0,0,0,0,0,0,0,0,0,0,0,9,1,7,0,1
0,0,0,0,0,0,0,0,0,0,0,0,9,1,7,7,1
0,0,0,0,0,0,0,0,0,0,0,0,9,1,7,8,2
0,0,0,0,0,0,0,0,0,0,0,0,9,1,7,10,1
0,0,0,0,0,0,0,0,0,0,0,0,9,1,7,11,2
0,0,0,0,0,0,0,0,0,0,0,0,9,1,7,12,2
0,0,0,0,0,0,0,0,0,0,0,0,9,1,7,14,2
0,0,0,0,0,0,0,0,0,0,0,0,9,1,7,15,2
0,0,0,0,0,0,0,0,0,0,0,0,9,1,7,16,2
0,0,0,0,0,0,0,0,0,0,0,0,9,1,7,17,4
0,0,0,0,0,0,0,0,0,0,0,0,9,1,7,18,6
0,0,0,0,0,0,0,0,0,0,0,0,9,1,7,19,4
0,0,0,0,0,0,0,0,0,0,0,0,9,1,7,20,8
0,0,0,0,0,0,0,0,0,0,0,0,9,1,7,21,25
0,0,0,0,0,0,0,0,0,0,0,0,9,1,7,22,8
0,0,0,0,0,0,0,0,0,0,0,0,9,1,7,23,1
0,0,0,0,0,0,0,0,0,0,0,0,9,1,14,5,1
0,0,0,0,0,0,0,0,0,0,0,0,9,1,14,7,3
0,0,0,0,0,0,0,0,0,0,0,0,9,1,14,8,8
0,0,0,0,0,0,0,0,0,0,0,0,9,1,14,9,5
0,0,0,0,0,0,0,0,0,0,0,0,9,1,14,10,2
0,0,0,0,0,0,0,0,0,0,0,0,9,1,14,11,1
0,0,0,0,0,0,0,0,0,0,0,0,9,1,14,12,2
0,0,0,0,0,0,0,0,0,0,0,0,9,1,14,13,1
0,0,0,0,0,0,0,0,0,0,0,0,9,1,14,14,2
0,0,0,0,0,0,0,0,0,0,0,0,9,1,14,15,3
0,0,0,0,0,0,0,0,0,0,0,0,9,1,14,16,7
0,0,0,0,0,0,0,0,0,0,0,0,9,1,14,17,4
0,0,0,0,0,0,0,0,0,0,0,0,9,1,14,18,9
0,0,0,0,0,0,0,0,0,0,0,0,9,1,14,19,3
0,0,0,0,0,0,0,0,0,0,0,0,9,1,14,20,4
0,0,0,0,0,0,0,0,0,0,0,0,9,1,14,21,4
0,0,0,0,0,0,0,0,0,0,0,0,9,1,14,23,1
0,0,0,0,0,0,0,0,0,0,0,0,9,1,21,0,2
0,0,0,0,0,0,0,0,0,0,0,0,9,1,21,7,2
0,0,0,0,0,0,0,0,0,0,0,0,9,1,21,9,2
0,0,0,0,0,0,0,0,0,0,0,0,9,1,21,10,1
0,0,0,0,0,0,0,0,0,0,0,0,9,1,21,11,2
0,0,0,0,0,0,0,0,0,0,0,0,9,1,21,12,7
0,0,0,0,0,0,0,0,0,0,0,0,9,1,21,13,3
0,0,0,0,0,0,0,0,0,0,0,0,9,1,21,14,1
0,0,0,0,0,0,0,0,0,0,0,0,9,1,21,15,1
0,0,0,0,0,0,0,0,0,0,0,0,9,1,21,16,3
0,0,0,0,0,0,0,0,0,0,0,0,9,1,21,17,6
0,0,0,0,0,0,0,0,0,0,0,0,9,1,21,18,2
0,0,0,0,0,0,0,0,0,0,0,0,9,1,21,19,7
0,0,0,0,0,0,0,0,0,0,0,0,9,1,21,20,8
0,0,0,0,0,0,0,0,0,0,0,0,9,1,21,21,12
0,0,0,0,0,0,0,0,0,0,0,0,9,1,21,22,12
0,0,0,0,0,0,0,0,0,0,0,0,9,1,21,23,1
0,0,0,0,0,0,0,0,0,0,0,0,9,1,28,0,1
0,0,0,0,0,0,0,0,0,0,0,0,9,1,28,5,1
0,0,0,0,0,0,0,0,0,0,0,0,9,1,28,8,4
0,0,0,0,0,0,0,0,0,0,0,0,9,1,28,9,1
0,0,0,0,0,0,0,0,0,0,0,0,9,1,28,10,4
0,0,0,0,0,0,0,0,0,0,0,0,9,1,28,11,2
0,0,0,0,0,0,0,0,0,0,0,0,9,1,28,12,6
0,0,0,0,0,0,0,0,0,0,0,0,9,1,28,13,1
0,0,0,0,0,0,0,0,0,0,0,0,9,1,28,14,1
0,0,0,0,0,0,0,0,0,0,0,0,9,1,28,15,5
0,0,0,0,0,0,0,0,0,0,0,0,9,1,28,16,3
0,0,0,0,0,0,0,0,0,0,0,0,9,1,28,17,4
0,0,0,0,0,0,0,0,0,0,0,0,9,1,28,18,6
0,0,0,0,0,0,0,0,0,0,0,0,9,1,28,19,5
0,0,0,0,0,0,0,0,0,0,0,0,9,1,28,20,1
0,0,0,0,0,0,0,0,0,0,0,0,9,1,28,21,1
0,0,0,0,0,0,0,0,0,0,0,0,9,1,28,22,4
0,0,0,0,0,0,0,0,0,0,0,0,9,1,28,23,1
0,0,0,0,0,0,0,0,0,0,0,0,9,2,1,5,1
0,0,0,0,0,0,0,0,0,0,0,0,9,2,1,6,1
0,0,0,0,0,0,0,0,0,0,0,0,9,2,1,7,2
0,0,0,0,0,0,0,0,0,0,0,0,9,2,1,8,4
0,0,0,0,0,0,0,0,0,0,0,0,9,2,1,9,2
0,0,0,0,0,0,0,0,0,0,0,0,9,2,1,10,1
0,0,0,0,0,0,0,0,0,0,0,0,9,2,1,11,5
0,0,0,0,0,0,0,0,0,0,0,0,9,2,1,12,7
0,0,0,0,0,0,0,0,0,0,0,0,9,2,1,14,1
0,0,0,0,0,0,0,0,0,0,0,0,9,2,1,15,6
0,0,0,0,0,0,0,0,0,0,0,0,9,2,1,16,1
0,0,0,0,0,0,0,0,0,0,0,0,9,2,1,17,9
0,0,0,0,0,0,0,0,0,0,0,0,9,2,1,18,15
0,0,0,0,0,0,0,0,0,0,0,0,9,2,1,19,8
0,0,0,0,0,0,0,0,0,0,0,0,9,2,1,20,6
0,0,0,0,0,0,0,0,0,0,0,0,9,2,1,21,3
0,0,0,0,0,0,0,0,0,0,0,0,9,2,1,22,11
0,0,0,0,0,0,0,0,0,0,0,0,9,2,8,0,1
0,0,0,0,0,0,0,0,0,0,0,0,9,2,8,7,2
0,0,0,0,0,0,0,0,0,0,0,0,9,2,8,8,3
0,0,0,0,0,0,0,0,0,0,0,0,9,2,8,10,2
0,0,0,0,0,0,0,0,0,0,0,0,9,2,8,11,2
0,0,0,0,0,0,0,0,0,0,0,0,9,2,8,12,4
0,0,0,0,0,0,0,0,0,0,0,0,9,2,8,14,3
0,0,0,0,0,0,0,0,0,0,0,0,9,2,8,15,1
0,0,0,0,0,0,0,0,0,0,0,0,9,2,8,16,2
0,0,0,0,0,0,0,0,0,0,0,0,9,2,8,17,4
0,0,0,0,0,0,0,0,0,0,0,0,9,2,8,18,9
0,0,0,0,0,0,0,0,0,0,0,0,9,2,8,19,4
0,0,0,0,0,0,0,0,0,0,0,0,9,2,8,20,3
0,0,0,0,0,0,0,0,0,0,0,0,9,2,8,21,42
0,0,0,0,0,0,0,0,0,0,0,0,9,2,8,22,6
0,0,0,0,0,0,0,0,0,0,0,0,9,2,8,23,3
0,0,0,0,0,0,0,0,0,0,0,0,9,2,15,0,2
0,0,0,0,0,0,0,0,0,0,0,0,9,2,15,1,1
0,0,0,0,0,0,0,0,0,0,0,0,9,2,15,2,1
0,0,0,0,0,0,0,0,0,0,0,0,9,2,15,7,2
0,0,0,0,0,0,0,0,0,0,0,0,9,2,15,8,2
0,0,0,0,0,0,0,0,0,0,0,0,9,2,15,9,1
0,0,0,0,0,0,0,0,0,0,0,0,9,2,15,10,4
0,0,0,0,0,0,0,0,0,0,0,0,9,2,15,11,1
0,0,0,0,0,0,0,0,0,0,0,0,9,2,15,12,1
0,0,0,0,0,0,0,0,0,0,0,0,9,2,15,13,2
0,0,0,0,0,0,0,0,0,0,0,0,9,2,15,14,1
0,0,0,0,0,0,0,0,0,0,0,0,9,2,15,15,1
0,0,0,0,0,0,0,0,0,0,0,0,9,2,15,16,4
0,0,0,0,0,0,0,0,0,0,0,0,9,2,15,17,15
0,0,0,0,0,0,0,0,0,0,0,0,9,2,15,18,2
0,0,0,0,0,0,0,0,0,0,0,0,9,2,15,19,4
0,0,0,0,0,0,0,0,0,0,0,0,9,2,15,20,3
0,0,0,0,0,0,0,0,0,0,0,0,9,2,15,21,1
0,0,0,0,0,0,0,0,0,0,0,0,9,2,15,22,6
0,0,0,0,0,0,0,0,0,0,0,0,9,2,15,23,1
0,0,0,0,0,0,0,0,0,0,0,0,9,2,22,1,1
0,0,0,0,0,0,0,0,0,0,0,0,9,2,22,7,2
0,0,0,0,0,0,0,0,0,0,0,0,9,2,22,10,1
0,0,0,0,0,0,0,0,0,0,0,0,9,2,22,12,1
0,0,0,0,0,0,0,0,0,0,0,0,9,2,22,14,2
0,0,0,0,0,0,0,0,0,0,0,0,9,2,22,15,1
0,0,0,0,0,0,0,0,0,0,0,0,9,2,22,16,2
0,0,0,0,0,0,0,0,0,0,0,0,9,2,22,17,6
0,0,0,0,0,0,0,0,0,0,0,0,9,2,22,18,1
0,0,0,0,0,0,0,0,0,0,0,0,9,2,22,19,10
0,0,0,0,0,0,0,0,0,0,0,0,9,2,22,20,5
0,0,0,0,0,0,0,0,0,0,0,0,9,2,22,21,28
0,0,0,0,0,0,0,0,0,0,0,0,9,2,22,22,7
0,0,0,0,0,0,0,0,0,0,0,0,9,2,22,23,1
0,0,0,0,0,0,0,0,0,0,0,0,9,2,29,1,1
0,0,0,0,0,0,0,0,0,0,0,0,9,2,29,2,1
0,0,0,0,0,0,0,0,0,0,0,0,9,2,29,4,1
0,0,0,0,0,0,0,0,0,0,0,0,9,2,29,6,1
0,0,0,0,0,0,0,0,0,0,0,0,9,2,29,7,1
0,0,0,0,0,0,0,0,0,0,0,0,9,2,29,8,2
0,0,0,0,0,0,0,0,0,0,0,0,9,2,29,9,1
0,0,0,0,0,0,0,0,0,0,0,0,9,2,29,11,2
0,0,0,0,0,0,0,0,0,0,0,0,9,2,29,12,2
0,0,0,0,0,0,0,0,0,0,0,0,9,2,29,13,4
0,0,0,0,0,0,0,0,0,0,0,0,9,2,29,14,1
0,0,0,0,0,0,0,0,0,0,0,0,9,2,29,15,2
0,0,0,0,0,0,0,0,0,0,0,0,9,2,29,16,2
0,0,0,0,0,0,0,0,0,0,0,0,9,2,29,17,4
0,0,0,0,0,0,0,0,0,0,0,0,9,2,29,18,11
0,0,0,0,0,0,0,0,0,0,0,0,9,2,29,19,7
0,0,0,0,0,0,0,0,0,0,0,0,9,2,29,20,5
0,0,0,0,0,0,0,0,0,0,0,0,9,2,29,21,14
0,0,0,0,0,0,0,0,0,0,0,0,9,3,2,0,1
0,0,0,0,0,0,0,0,0,0,0,0,9,3,2,6,1
0,0,0,0,0,0,0,0,0,0,0,0,9,3,2,8,3
0,0,0,0,0,0,0,0,0,0,0,0,9,3,2,9,1
0,0,0,0,0,0,0,0,0,0,0,0,9,3,2,10,3
0,0,0,0,0,0,0,0,0,0,0,0,9,3,2,11,1
0,0,0,0,0,0,0,0,0,0,0,0,9,3,2,12,3
0,0,0,0,0,0,0,0,0,0,0,0,9,3,2,13,4
0,0,0,0,0,0,0,0,0,0,0,0,9,3,2,14,4
0,0,0,0,0,0,0,0,0,0,0,0,9,3,2,15,3
0,0,0,0,0,0,0,0,0,0,0,0,9,3,2,16,6
0,0,0,0,0,0,0,0,0,0,0,0,9,3,2,17,9
0,0,0,0,0,0,0,0,0,0,0,0,9,3,2,18,6
0,0,0,0,0,0,0,0,0,0,0,0,9,3,2,19,6
0,0,0,0,0,0,0,0,0,0,0,0,9,3,2,20,12
0,0,0,0,0,0,0,0,0,0,0,0,9,3,2,21,35
0,0,0,0,0,0,0,0,0,0,0,0,9,3,2,22,33
0,0,0,0,0,0,0,0,0,0,0,0,9,3,2,23,6
0,0,0,0,0,0,0,0,0,0,0,0,9,3,9,6,1
0,0,0,0,0,0,0,0,0,0,0,0,9,3,9,7,3
0,0,0,0,0,0,0,0,0,0,0,0,9,3,9,8,3
0,0,0,0,0,0,0,0,0,0,0,0,9,3,9,10,3
0,0,0,0,0,0,0,0,0,0,0,0,9,3,9,11,2
0,0,0,0,0,0,0,0,0,0,0,0,9,3,9,12,4
0,0,0,0,0,0,0,0,0,0,0,0,9,3,9,13,4
0,0,0,0,0,0,0,0,0,0,0,0,9,3,9,14,3
0,0,0,0,0,0,0,0,0,0,0,0,9,3,9,15,4
0,0,0,0,0,0,0,0,0,0,0,0,9,3,9,16,4
0,0,0,0,0,0,0,0,0,0,0,0,9,3,9,17,3
0,0,0,0,0,0,0,0,0,0,0,0,9,3,9,18,11
0,0,0,0,0,0,0,0,0,0,0,0,9,3,9,19,10
0,0,0,0,0,0,0,0,0,0,0,0,9,3,9,20,5
0,0,0,0,0,0,0,0,0,0,0,0,9,3,9,21,8
0,0,0,0,0,0,0,0,0,0,0,0,9,3,9,22,4
0,0,0,0,0,0,0,0,0,0,0,0,9,3,9,23,9
0,0,0,0,0,0,0,0,0,0,0,0,9,3,16,1,1
0,0,0,0,0,0,0,0,0,0,0,0,9,3,16,5,1
0,0,0,0,0,0,0,0,0,0,0,0,9,3,16,6,2
0,0,0,0,0,0,0,0,0,0,0,0,9,3,16,7,3
0,0,0,0,0,0,0,0,0,0,0,0,9,3,16,8,6
0,0,0,0,0,0,0,0,0,0,0,0,9,3,16,9,3
0,0,0,0,0,0,0,0,0,0,0,0,9,3,16,10,5
0,0,0,0,0,0,0,0,0,0,0,0,9,3,16,11,2
0,0,0,0,0,0,0,0,0,0,0,0,9,3,16,12,3
0,0,0,0,0,0,0,0,0,0,0,0,9,3,16,13,2
0,0,0,0,0,0,0,0,0,0,0,0,9,3,16,14,4
0,0,0,0,0,0,0,0,0,0,0,0,9,3,16,15,4
0,0,0,0,0,0,0,0,0,0,0,0,9,3,16,16,4
0,0,0,0,0,0,0,0,0,0,0,0,9,3,16,17,7
0,0,0,0,0,0,0,0,0,0,0,0,9,3,16,18,12
0,0,0,0,0,0,0,0,0,0,0,0,9,3,16,19,5
0,0,0,0,0,0,0,0,0,0,0,0,9,3,16,20,5
0,0,0,0,0,0,0,0,0,0,0,0,9,3,16,21,10
0,0,0,0,0,0,0,0,0,0,0,0,9,3,16,22,24
0,0,0,0,0,0,0,0,0,0,0,0,9,3,16,23,6
0,0,0,0,0,0,0,0,0,0,0,0,9,3,23,0,3
0,0,0,0,0,0,0,0,0,0,0,0,9,3,23,1,3
0,0,0,0,0,0,0,0,0,0,0,0,9,3,23,6,1
0,0,0,0,0,0,0,0,0,0,0,0,9,3,23,8,1
0,0,0,0,0,0,0,0,0,0,0,0,9,3,23,9,1
0,0,0,0,0,0,0,0,0,0,0,0,9,3,23,10,2
0,0,0,0,0,0,0,0,0,0,0,0,9,3,23,11,3
0,0,0,0,0,0,0,0,0,0,0,0,9,3,23,12,4
0,0,0,0,0,0,0,0,0,0,0,0,9,3,23,13,2
0,0,0,0,0,0,0,0,0,0,0,0,9,3,23,14,1
0,0,0,0,0,0,0,0,0,0,0,0,9,3,23,15,4
0,0,0,0,0,0,0,0,0,0,0,0,9,3,23,16,7
0,0,0,0,0,0,0,0,0,0,0,0,9,3,23,17,8
0,0,0,0,0,0,0,0,0,0,0,0,9,3,23,18,7
0,0,0,0,0,0,0,0,0,0,0,0,9,3,23,19,10
0,0,0,0,0,0,0,0,0,0,0,0,9,3,23,20,4
0,0,0,0,0,0,0,0,0,0,0,0,9,3,23,21,2
0,0,0,0,0,0,0,0,0,0,0,0,9,3,23,22,6
0,0,0,0,0,0,0,0,0,0,0,0,9,3,23,23,3
0,0,0,0,0,0,0,0,0,0,0,0,9,3,30,5,1
0,0,0,0,0,0,0,0,0,0,0,0,9,3,30,6,1
0,0,0,0,0,0,0,0,0,0,0,0,9,3,30,7,3
0,0,0,0,0,0,0,0,0,0,0,0,9,3,30,8,1
0,0,0,0,0,0,0,0,0,0,0,0,9,3,30,10,3
0,0,0,0,0,0,0,0,0,0,0,0,9,3,30,11,4
0,0,0,0,0,0,0,0,0,0,0,0,9,3,30,12,2
0,0,0,0,0,0,0,0,0,0,0,0,9,3,30,13,2
0,0,0,0,0,0,0,0,0,0,0,0,9,3,30,14,2
0,0,0,0,0,0,0,0,0,0,0,0,9,3,30,15,3
0,0,0,0,0,0,0,0,0,0,0,0,9,3,30,16,1
0,0,0,0,0,0,0,0,0,0,0,0,9,3,30,17,7
0,0,0,0,0,0,0,0,0,0,0,0,9,3,30,18,6
0,0,0,0,0,0,0,0,0,0,0,0,9,3,30,19,10
0,0,0,0,0,0,0,0,0,0,0,0,9,3,30,20,6
0,0,0,0,0,0,0,0,0,0,0,0,9,3,30,21,12
0,0,0,0,0,0,0,0,0,0,0,0,9,3,30,22,10
0,0,0,0,0,0,0,0,0,0,0,0,9,4,3,0,1
0,0,0,0,0,0,0,0,0,0,0,0,9,4,3,2,3
0,0,0,0,0,0,0,0,0,0,0,0,9,4,3,7,1
0,0,0,0,0,0,0,0,0,0,0,0,9,4,3,8,1
0,0,0,0,0,0,0,0,0,0,0,0,9,4,3,9,3
0,0,0,0,0,0,0,0,0,0,0,0,9,4,3,10,6
0,0,0,0,0,0,0,0,0,0,0,0,9,4,3,11,2
0,0,0,0,0,0,0,0,0,0,0,0,9,4,3,12,8
0,0,0,0,0,0,0,0,0,0,0,0,9,4,3,13,4
0,0,0,0,0,0,0,0,0,0,0,0,9,4,3,14,3
0,0,0,0,0,0,0,0,0,0,0,0,9,4,3,15,3
0,0,0,0,0,0,0,0,0,0,0,0,9,4,3,16,27
0,0,0,0,0,0,0,0,0,0,0,0,9,4,3,17,10
0,0,0,0,0,0,0,0,0,0,0,0,9,4,3,18,11
0,0,0,0,0,0,0,0,0,0,0,0,9,4,3,19,4
0,0,0,0,0,0,0,0,0,0,0,0,9,4,3,20,4
0,0,0,0,0,0,0,0,0,0,0,0,9,4,3,21,1
0,0,0,0,0,0,0,0,0,0,0,0,9,4,3,22,2
0,0,0,0,0,0,0,0,0,0,0,0,9,4,3,23,3
0,0,0,0,0,0,0,0,0,0,0,0,9,4,10,0,1
0,0,0,0,0,0,0,0,0,0,0,0,9,4,10,2,2
0,0,0,0,0,0,0,0,0,0,0,0,9,4,10,3,1
0,0,0,0,0,0,0,0,0,0,0,0,9,4,10,4,2
0,0,0,0,0,0,0,0,0,0,0,0,9,4,10,5,2
0,0,0,0,0,0,0,0,0,0,0,0,9,4,10,6,1
0,0,0,0,0,0,0,0,0,0,0,0,9,4,10,7,1
0,0,0,0,0,0,0,0,0,0,0,0,9,4,10,8,1
0,0,0,0,0,0,0,0,0,0,0,0,9,4,10,9,1
0,0,0,0,0,0,0,0,0,0,0,0,9,4,10,10,3
0,0,0,0,0,0,0,0,0,0,0,0,9,4,10,11,1
0,0,0,0,0,0,0,0,0,0,0,0,9,4,10,12,6
0,0,0,0,0,0,0,0,0,0,0,0,9,4,10,13,5
0,0,0,0,0,0,0,0,0,0,0,0,9,4,10,14,4
0,0,0,0,0,0,0,0,0,0,0,0,9,4,10,15,19
0,0,0,0,0,0,0,0,0,0,0,0,9,4,10,16,39
0,0,0,0,0,0,0,0,0,0,0,0,9,4,10,17,4
0,0,0,0,0,0,0,0,0,0,0,0,9,4,10,18,7
0,0,0,0,0,0,0,0,0,0,0,0,9,4,10,19,7
0,0,0,0,0,0,0,0,0,0,0,0,9,4,10,20,3
0,0,0,0,0,0,0,0,0,0,0,0,9,4,10,21,6
0,0,0,0,0,0,0,0,0,0,0,0,9,4,10,22,4
0,0,0,0,0,0,0,0,0,0,0,0,9,4,10,23,3
0,0,0,0,0,0,0,0,0,0,0,0,9,4,17,0,4
0,0,0,0,0,0,0,0,0,0,0,0,9,4,17,4,2
0,0,0,0,0,0,0,0,0,0,0,0,9,4,17,7,4
0,0,0,0,0,0,0,0,0,0,0,0,9,4,17,8,2
0,0,0,0,0,0,0,0,0,0,0,0,9,4,17,9,3
0,0,0,0,0,0,0,0,0,0,0,0,9,4,17,10,1
0,0,0,0,0,0,0,0,0,0,0,0,9,4,17,11,2
0,0,0,0,0,0,0,0,0,0,0,0,9,4,17,12,10
0,0,0,0,0,0,0,0,0,0,0,0,9,4,17,13,6
0,0,0,0,0,0,0,0,0,0,0,0,9,4,17,14,9
0,0,0,0,0,0,0,0,0,0,0,0,9,4,17,15,3
0,0,0,0,0,0,0,0,0,0,0,0,9,4,17,16,4
0,0,0,0,0,0,0,0,0,0,0,0,9,4,17,17,9
0,0,0,0,0,0,0,0,0,0,0,0,9,4,17,18,7
0,0,0,0,0,0,0,0,0,0,0,0,9,4,17,19,4
0,0,0,0,0,0,0,0,0,0,0,0,9,4,17,20,1
0,0,0,0,0,0,0,0,0,0,0,0,9,4,17,21,2
0,0,0,0,0,0,0,0,0,0,0,0,9,4,17,22,25
0,0,0,0,0,0,0,0,0,0,0,0,9,4,17,23,12
0,0,0,0,0,0,0,0,0,0,0,0,9,4,24,0,2
0,0,0,0,0,0,0,0,0,0,0,0,9,4,24,3,1
0,0,0,0,0,0,0,0,0,0,0,0,9,4,24,6,5
0,0,0,0,0,0,0,0,0,0,0,0,9,4,24,7,2
0,0,0,0,0,0,0,0,0,0,0,0,9,4,24,8,1
0,0,0,0,0,0,0,0,0,0,0,0,9,4,24,10,2
0,0,0,0,0,0,0,0,0,0,0,0,9,4,24,11,2
0,0,0,0,0,0,0,0,0,0,0,0,9,4,24,12,3
0,0,0,0,0,0,0,0,0,0,0,0,9,4,24,13,4
0,0,0,0,0,0,0,0,0,0,0,0,9,4,24,14,3
0,0,0,0,0,0,0,0,0,0,0,0,9,4,24,15,23
0,0,0,0,0,0,0,0,0,0,0,0,9,4,24,16,15
0,0,0,0,0,0,0,0,0,0,0,0,9,4,24,17,7
0,0,0,0,0,0,0,0,0,0,0,0,9,4,24,18,6
0,0,0,0,0,0,0,0,0,0,0,0,9,4,24,19,1
0,0,0,0,0,0,0,0,0,0,0,0,9,4,24,20,7
0,0,0,0,0,0,0,0,0,0,0,0,9,4,24,21,27
0,0,0,0,0,0,0,0,0,0,0,0,9,4,24,22,10
0,0,0,0,0,0,0,0,0,0,0,0,9,4,24,23,2
0,0,0,0,0,0,0,0,0,0,0,0,9,5,4,0,3
0,0,0,0,0,0,0,0,0,0,0,0,9,5,4,1,2
0,0,0,0,0,0,0,0,0,0,0,0,9,5,4,2,1
0,0,0,0,0,0,0,0,0,0,0,0,9,5,4,3,1
0,0,0,0,0,0,0,0,0,0,0,0,9,5,4,5,1
0,0,0,0,0,0,0,0,0,0,0,0,9,5,4,6,2
0,0,0,0,0,0,0,0,0,0,0,0,9,5,4,7,1
0,0,0,0,0,0,0,0,0,0,0,0,9,5,4,8,3
0,0,0,0,0,0,0,0,0,0,0,0,9,5,4,9,1
0,0,0,0,0,0,0,0,0,0,0,0,9,5,4,10,7
0,0,0,0,0,0,0,0,0,0,0,0,9,5,4,11,12
0,0,0,0,0,0,0,0,0,0,0,0,9,5,4,12,8
0,0,0,0,0,0,0,0,0,0,0,0,9,5,4,14,8
0,0,0,0,0,0,0,0,0,0,0,0,9,5,4,15,15
0,0,0,0,0,0,0,0,0,0,0,0,9,5,4,16,38
0,0,0,0,0,0,0,0,0,0,0,0,9,5,4,17,20
0,0,0,0,0,0,0,0,0,0,0,0,9,5,4,18,7
0,0,0,0,0,0,0,0,0,0,0,0,9,5,4,19,1
0,0,0,0,0,0,0,0,0,0,0,0,9,5,4,20,3
0,0,0,0,0,0,0,0,0,0,0,0,9,5,4,21,2
0,0,0,0,0,0,0,0,0,0,0,0,9,5,4,22,13
0,0,0,0,0,0,0,0,0,0,0,0,9,5,4,23,3
0,0,0,0,0,0,0,0,0,0,0,0,9,5,11,0,7
0,0,0,0,0,0,0,0,0,0,0,0,9,5,11,1,3
0,0,0,0,0,0,0,0,0,0,0,0,9,5,11,2,4
0,0,0,0,0,0,0,0,0,0,0,0,9,5,11,3,1
0,0,0,0,0,0,0,0,0,0,0,0,9,5,11,7,2
0,0,0,0,0,0,0,0,0,0,0,0,9,5,11,8,4
0,0,0,0,0,0,0,0,0,0,0,0,9,5,11,9,4
0,0,0,0,0,0,0,0,0,0,0,0,9,5,11,10,11
0,0,0,0,0,0,0,0,0,0,0,0,9,5,11,11,6
0,0,0,0,0,0,0,0,0,0,0,0,9,5,11,12,9
0,0,0,0,0,0,0,0,0,0,0,0,9,5,11,13,10
0,0,0,0,0,0,0,0,0,0,0,0,9,5,11,14,16
0,0,0,0,0,0,0,0,0,0,0,0,9,5,11,15,25
0,0,0,0,0,0,0,0,0,0,0,0,9,5,11,16,36
0,0,0,0,0,0,0,0,0,0,0,0,9,5,11,17,10
0,0,0,0,0,0,0,0,0,0,0,0,9,5,11,18,8
0,0,0,0,0,0,0,0,0,0,0,0,9,5,11,19,1
0,0,0,0,0,0,0,0,0,0,0,0,9,5,11,20,6
0,0,0,0,0,0,0,0,0,0,0,0,9,5,11,21,4
0,0,0,0,0,0,0,0,0,0,0,0,9,5,11,22,5
0,0,0,0,0,0,0,0,0,0,0,0,9,5,11,23,4
0,0,0,0,0,0,0,0,0,0,0,0,9,5,18,0,1
0,0,0,0,0,0,0,0,0,0,0,0,9,5,18,1,4
0,0,0,0,0,0,0,0,0,0,0,0,9,5,18,2,1
0,0,0,0,0,0,0,0,0,0,0,0,9,5,18,4,1
0,0,0,0,0,0,0,0,0,0,0,0,9,5,18,8,1
0,0,0,0,0,0,0,0,0,0,0,0,9,5,18,9,2
0,0,0,0,0,0,0,0,0,0,0,0,9,5,18,10,5
0,0,0,0,0,0,0,0,0,0,0,0,9,5,18,11,9
0,0,0,0,0,0,0,0,0,0,0,0,9,5,18,12,15
0,0,0,0,0,0,0,0,0,0,0,0,9,5,18,13,10
0,0,0,0,0,0,0,0,0,0,0,0,9,5,18,14,11
0,0,0,0,0,0,0,0,0,0,0,0,9,5,18,15,8
0,0,0,0,0,0,0,0,0,0,0,0,9,5,18,16,5
0,0,0,0,0,0,0,0,0,0,0,0,9,5,18,17,2
0,0,0,0,0,0,0,0,0,0,0,0,9,5,18,18,6
0,0,0,0,0,0,0,0,0,0,0,0,9,5,18,19,3
0,0,0,0,0,0,0,0,0,0,0,0,9,5,18,20,3
0,0,0,0,0,0,0,0,0,0,0,0,9,5,18,21,8
0,0,0,0,0,0,0,0,0,0,0,0,9,5,18,22,26
0,0,0,0,0,0,0,0,0,0,0,0,9,5,18,23,9
0,0,0,0,0,0,0,0,0,0,0,0,9,5,25,1,1
0,0,0,0,0,0,0,0,0,0,0,0,9,5,25,2,3
0,0,0,0,0,0,0,0,0,0,0,0,9,5,25,7,1
0,0,0,0,0,0,0,0,0,0,0,0,9,5,25,9,2
0,0,0,0,0,0,0,0,0,0,0,0,9,5,25,10,5
0,0,0,0,0,0,0,0,0,0,0,0,9,5,25,11,20
0,0,0,0,0,0,0,0,0,0,0,0,9,5,25,12,3
0,0,0,0,0,0,0,0,0,0,0,0,9,5,25,13,4
0,0,0,0,0,0,0,0,0,0,0,0,9,5,25,14,6
0,0,0,0,0,0,0,0,0,0,0,0,9,5,25,15,21
0,0,0,0,0,0,0,0,0,0,0,0,9,5,25,16,28
0,0,0,0,0,0,0,0,0,0,0,0,9,5,25,17,23
0,0,0,0,0,0,0,0,0,0,0,0,9,5,25,18,10
0,0,0,0,0,0,0,0,0,0,0,0,9,5,25,19,9
0,0,0,0,0,0,0,0,0,0,0,0,9,5,25,20,3
0,0,0,0,0,0,0,0,0,0,0,0,9,5,25,21,7
0,0,0,0,0,0,0,0,0,0,0,0,9,5,25,22,7
0,0,0,0,0,0,0,0,0,0,0,0,9,5,25,23,8
0,0,0,0,0,0,0,0,0,0,0,0,9,6,5,0,7
0,0,0,0,0,0,0,0,0,0,0,0,9,6,5,1,1
0,0,0,0,0,0,0,0,0,0,0,0,9,6,5,3,7
0,0,0,0,0,0,0,0,0,0,0,0,9,6,5,4,9
0,0,0,0,0,0,0,0,0,0,0,0,9,6,5,6,1
0,0,0,0,0,0,0,0,0,0,0,0,9,6,5,7,2
0,0,0,0,0,0,0,0,0,0,0,0,9,6,5,8,2
0,0,0,0,0,0,0,0,0,0,0,0,9,6,5,9,3
0,0,0,0,0,0,0,0,0,0,0,0,9,6,5,10,10
0,0,0,0,0,0,0,0,0,0,0,0,9,6,5,11,5
0,0,0,0,0,0,0,0,0,0,0,0,9,6,5,12,8
0,0,0,0,0,0,0,0,0,0,0,0,9,6,5,13,17
0,0,0,0,0,0,0,0,0,0,0,0,9,6,5,14,18
0,0,0,0,0,0,0,0,0,0,0,0,9,6,5,15,24
0,0,0,0,0,0,0,0,0,0,0,0,9,6,5,16,32
0,0,0,0,0,0,0,0,0,0,0,0,9,6,5,17,10
0,0,0,0,0,0,0,0,0,0,0,0,9,6,5,18,6
0,0,0,0,0,0,0,0,0,0,0,0,9,6,5,19,8
0,0,0,0,0,0,0,0,0,0,0,0,9,6,5,21,4
0,0,0,0,0,0,0,0,0,0,0,0,9,6,5,22,2
0,0,0,0,0,0,0,0,0,0,0,0,9,6,5,23,9
0,0,0,0,0,0,0,0,0,0,0,0,9,6,12,0,2
0,0,0,0,0,0,0,0,0,0,0,0,9,6,12,2,6
0,0,0,0,0,0,0,0,0,0,0,0,9,6,12,4,1
0,0,0,0,0,0,0,0,0,0,0,0,9,6,12,5,1
0,0,0,0,0,0,0,0,0,0,0,0,9,6,12,6,3
0,0,0,0,0,0,0,0,0,0,0,0,9,6,12,7,1
0,0,0,0,0,0,0,0,0,0,0,0,9,6,12,8,1
0,0,0,0,0,0,0,0,0,0,0,0,9,6,12,10,9
0,0,0,0,0,0,0,0,0,0,0,0,9,6,12,11,7
0,0,0,0,0,0,0,0,0,0,0,0,9,6,12,12,7
0,0,0,0,0,0,0,0,0,0,0,0,9,6,12,13,6
0,0,0,0,0,0,0,0,0,0,0,0,9,6,12,14,6
0,0,0,0,0,0,0,0,0,0,0,0,9,6,12,15,23
0,0,0,0,0,0,0,0,0,0,0,0,9,6,12,16,63
0,0,0,0,0,0,0,0,0,0,0,0,9,6,12,17,6
0,0,0,0,0,0,0,0,0,0,0,0,9,6,12,18,2
0,0,0,0,0,0,0,0,0,0,0,0,9,6,12,19,4
0,0,0,0,0,0,0,0,0,0,0,0,9,6,12,20,4
0,0,0,0,0,0,0,0,0,0,0,0,9,6,12,21,1
0,0,0,0,0,0,0,0,0,0,0,0,9,6,12,22,2
0,0,0,0,0,0,0,0,0,0,0,0,9,6,19,0,6
0,0,0,0,0,0,0,0,0,0,0,0,9,6,19,1,2
0,0,0,0,0,0,0,0,0,0,0,0,9,6,19,2,4
0,0,0,0,0,0,0,0,0,0,0,0,9,6,19,3,1
0,0,0,0,0,0,0,0,0,0,0,0,9,6,19,5,1
0,0,0,0,0,0,0,0,0,0,0,0,9,6,19,6,2
0,0,0,0,0,0,0,0,0,0,0,0,9,6,19,8,1
0,0,0,0,0,0,0,0,0,0,0,0,9,6,19,9,4
0,0,0,0,0,0,0,0,0,0,0,0,9,6,19,10,3
0,0,0,0,0,0,0,0,0,0,0,0,9,6,19,11,6
0,0,0,0,0,0,0,0,0,0,0,0,9,6,19,12,5
0,0,0,0,0,0,0,0,0,0,0,0,9,6,19,13,4
0,0,0,0,0,0,0,0,0,0,0,0,9,6,19,14,3
0,0,0,0,0,0,0,0,0,0,0,0,9,6,19,15,7
0,0,0,0,0,0,0,0,0,0,0,0,9,6,19,16,6
0,0,0,0,0,0,0,0,0,0,0,0,9,6,19,17,2
0,0,0,0,0,0,0,0,0,0,0,0,9,6,19,18,6
0,0,0,0,0,0,0,0,0,0,0,0,9,6,19,19,8
0,0,0,0,0,0,0,0,0,0,0,0,9,6,19,20,3
0,0,0,0,0,0,0,0,0,0,0,0,9,6,19,21,4
0,0,0,0,0,0,0,0,0,0,0,0,9,6,19,22,1
0,0,0,0,0,0,0,0,0,0,0,0,9,6,26,0,3
0,0,0,0,0,0,0,0,0,0,0,0,9,6,26,1,2
0,0,0,0,0,0,0,0,0,0,0,0,9,6,26,2,4
0,0,0,0,0,0,0,0,0,0,0,0,9,6,26,6,1
0,0,0,0,0,0,0,0,0,0,0,0,9,6,26,8,1
0,0,0,0,0,0,0,0,0,0,0,0,9,6,26,9,4
0,0,0,0,0,0,0,0,0,0,0,0,9,6,26,10,6
0,0,0,0,0,0,0,0,0,0,0,0,9,6,26,11,15
0,0,0,0,0,0,0,0,0,0,0,0,9,6,26,12,2
0,0,0,0,0,0,0,0,0,0,0,0,9,6,26,13,1
0,0,0,0,0,0,0,0,0,0,0,0,9,6,26,14,8
0,0,0,0,0,0,0,0,0,0,0,0,9,6,26,15,12
0,0,0,0,0,0,0,0,0,0,0,0,9,6,26,16,11
0,0,0,0,0,0,0,0,0,0,0,0,9,6,26,17,32
0,0,0,0,0,0,0,0,0,0,0,0,9,6,26,18,7
0,0,0,0,0,0,0,0,0,0,0,0,9,6,26,19,4
0,0,0,0,0,0,0,0,0,0,0,0,9,6,26,20,5
0,0,0,0,0,0,0,0,0,0,0,0,9,6,26,21,1
0,0,0,0,0,0,0,0,0,0,0,0,9,6,26,22,3
